season,week,game_id,game_date,posteam,home_team,away_team,opponent,home_away,passer_player_name,receiver_player_name,receptions,rec_yards,rec_tds,first_downs,total_air_yards,total_yac
2006,1,2006_01_BUF_NE,2006-09-10,NE,NE,BUF,BUF,home,T.Brady,B.Watson,3.0,50.0,0.0,2.0,44.0,6.0
2006,1,2006_01_BUF_NE,2006-09-10,NE,NE,BUF,BUF,home,T.Brady,C.Dillon,2.0,22.0,0.0,1.0,-1.0,23.0
2006,1,2006_01_BUF_NE,2006-09-10,NE,NE,BUF,BUF,home,T.Brady,D.Graham,1.0,23.0,0.0,1.0,22.0,1.0
2006,1,2006_01_BUF_NE,2006-09-10,NE,NE,BUF,BUF,home,T.Brady,K.Faulk,1.0,17.0,1.0,1.0,17.0,0.0
2006,1,2006_01_BUF_NE,2006-09-10,NE,NE,BUF,BUF,home,T.Brady,R.Caldwell,2.0,33.0,0.0,2.0,18.0,15.0
2006,1,2006_01_BUF_NE,2006-09-10,NE,NE,BUF,BUF,home,T.Brady,T.Brown,2.0,18.0,1.0,1.0,9.0,9.0
2006,2,2006_02_NE_NYJ,2006-09-17,NE,NYJ,NE,NYJ,away,T.Brady,B.Watson,3.0,39.0,0.0,2.0,35.0,4.0
2006,2,2006_02_NE_NYJ,2006-09-17,NE,NYJ,NE,NYJ,away,T.Brady,C.Jackson,2.0,42.0,1.0,2.0,38.0,4.0
2006,2,2006_02_NE_NYJ,2006-09-17,NE,NYJ,NE,NYJ,away,T.Brady,D.Graham,1.0,29.0,0.0,1.0,24.0,5.0
2006,2,2006_02_NE_NYJ,2006-09-17,NE,NYJ,NE,NYJ,away,T.Brady,D.Thomas,1.0,29.0,0.0,1.0,4.0,25.0
2006,2,2006_02_NE_NYJ,2006-09-17,NE,NYJ,NE,NYJ,away,T.Brady,K.Faulk,2.0,16.0,0.0,2.0,5.0,11.0
2006,2,2006_02_NE_NYJ,2006-09-17,NE,NYJ,NE,NYJ,away,T.Brady,R.Caldwell,2.0,14.0,0.0,2.0,10.0,4.0
2006,2,2006_02_NE_NYJ,2006-09-17,NE,NYJ,NE,NYJ,away,T.Brady,T.Brown,4.0,51.0,0.0,4.0,18.0,33.0
2006,3,2006_03_DEN_NE,2006-09-24,NE,NE,DEN,DEN,home,T.Brady,B.Watson,6.0,66.0,0.0,4.0,33.0,33.0
2006,3,2006_03_DEN_NE,2006-09-24,NE,NE,DEN,DEN,home,T.Brady,D.Gabriel,6.0,65.0,1.0,5.0,37.0,28.0
2006,3,2006_03_DEN_NE,2006-09-24,NE,NE,DEN,DEN,home,T.Brady,D.Graham,1.0,7.0,0.0,0.0,0.0,7.0
2006,3,2006_03_DEN_NE,2006-09-24,NE,NE,DEN,DEN,home,T.Brady,K.Faulk,6.0,34.0,0.0,1.0,17.0,17.0
2006,3,2006_03_DEN_NE,2006-09-24,NE,NE,DEN,DEN,home,T.Brady,L.Maroney,5.0,61.0,0.0,3.0,4.0,57.0
2006,3,2006_03_DEN_NE,2006-09-24,NE,NE,DEN,DEN,home,T.Brady,R.Caldwell,3.0,46.0,0.0,3.0,32.0,14.0
2006,3,2006_03_DEN_NE,2006-09-24,NE,NE,DEN,DEN,home,T.Brady,T.Brown,4.0,41.0,0.0,2.0,20.0,21.0
2006,4,2006_04_NE_CIN,2006-10-01,NE,CIN,NE,CIN,away,T.Brady,B.Watson,1.0,35.0,0.0,1.0,32.0,3.0
2006,4,2006_04_NE_CIN,2006-10-01,NE,CIN,NE,CIN,away,T.Brady,C.Jackson,2.0,9.0,0.0,0.0,0.0,9.0
2006,4,2006_04_NE_CIN,2006-10-01,NE,CIN,NE,CIN,away,T.Brady,D.Gabriel,4.0,57.0,1.0,2.0,41.0,16.0
2006,4,2006_04_NE_CIN,2006-10-01,NE,CIN,NE,CIN,away,T.Brady,D.Graham,4.0,34.0,1.0,3.0,5.0,29.0
2006,4,2006_04_NE_CIN,2006-10-01,NE,CIN,NE,CIN,away,T.Brady,K.Faulk,1.0,18.0,0.0,1.0,5.0,13.0
2006,4,2006_04_NE_CIN,2006-10-01,NE,CIN,NE,CIN,away,T.Brady,L.Maroney,1.0,15.0,0.0,1.0,10.0,5.0
2006,4,2006_04_NE_CIN,2006-10-01,NE,CIN,NE,CIN,away,T.Brady,R.Caldwell,2.0,20.0,0.0,1.0,12.0,8.0
2006,5,2006_05_MIA_NE,2006-10-08,NE,NE,MIA,MIA,home,T.Brady,B.Watson,4.0,33.0,0.0,2.0,16.0,17.0
2006,5,2006_05_MIA_NE,2006-10-08,NE,NE,MIA,MIA,home,T.Brady,D.Gabriel,2.0,7.0,0.0,0.0,6.0,1.0
2006,5,2006_05_MIA_NE,2006-10-08,NE,NE,MIA,MIA,home,T.Brady,D.Thomas,1.0,11.0,0.0,1.0,8.0,3.0
2006,5,2006_05_MIA_NE,2006-10-08,NE,NE,MIA,MIA,home,T.Brady,H.Evans,2.0,11.0,1.0,2.0,6.0,5.0
2006,5,2006_05_MIA_NE,2006-10-08,NE,NE,MIA,MIA,home,T.Brady,K.Faulk,1.0,15.0,0.0,1.0,5.0,10.0
2006,5,2006_05_MIA_NE,2006-10-08,NE,NE,MIA,MIA,home,T.Brady,R.Caldwell,1.0,5.0,0.0,1.0,5.0,0.0
2006,5,2006_05_MIA_NE,2006-10-08,NE,NE,MIA,MIA,home,T.Brady,T.Brown,5.0,58.0,1.0,5.0,48.0,10.0
2006,7,2006_07_NE_BUF,2006-10-22,NE,BUF,NE,BUF,away,T.Brady,B.Watson,5.0,60.0,0.0,3.0,26.0,34.0
2006,7,2006_07_NE_BUF,2006-10-22,NE,BUF,NE,BUF,away,T.Brady,C.Jackson,1.0,35.0,1.0,1.0,35.0,0.0
2006,7,2006_07_NE_BUF,2006-10-22,NE,BUF,NE,BUF,away,T.Brady,D.Gabriel,3.0,45.0,1.0,2.0,35.0,10.0
2006,7,2006_07_NE_BUF,2006-10-22,NE,BUF,NE,BUF,away,T.Brady,K.Faulk,1.0,11.0,0.0,0.0,10.0,1.0
2006,7,2006_07_NE_BUF,2006-10-22,NE,BUF,NE,BUF,away,T.Brady,L.Maroney,1.0,1.0,0.0,0.0,1.0,0.0
2006,7,2006_07_NE_BUF,2006-10-22,NE,BUF,NE,BUF,away,T.Brady,R.Caldwell,5.0,22.0,0.0,2.0,11.0,11.0
2006,7,2006_07_NE_BUF,2006-10-22,NE,BUF,NE,BUF,away,T.Brady,T.Brown,2.0,21.0,0.0,2.0,8.0,13.0
2006,8,2006_08_NE_MIN,2006-10-30,NE,MIN,NE,MIN,away,T.Brady,B.Watson,7.0,95.0,1.0,5.0,52.0,43.0
2006,8,2006_08_NE_MIN,2006-10-30,NE,MIN,NE,MIN,away,T.Brady,C.Dillon,1.0,27.0,0.0,1.0,-2.0,29.0
2006,8,2006_08_NE_MIN,2006-10-30,NE,MIN,NE,MIN,away,T.Brady,C.Jackson,1.0,10.0,1.0,1.0,3.0,7.0
2006,8,2006_08_NE_MIN,2006-10-30,NE,MIN,NE,MIN,away,T.Brady,D.Gabriel,5.0,83.0,0.0,2.0,41.0,42.0
2006,8,2006_08_NE_MIN,2006-10-30,NE,MIN,NE,MIN,away,T.Brady,D.Thomas,1.0,12.0,0.0,1.0,7.0,5.0
2006,8,2006_08_NE_MIN,2006-10-30,NE,MIN,NE,MIN,away,T.Brady,J.Gaffney,1.0,4.0,0.0,0.0,4.0,0.0
2006,8,2006_08_NE_MIN,2006-10-30,NE,MIN,NE,MIN,away,T.Brady,K.Faulk,2.0,12.0,0.0,0.0,3.0,9.0
2006,8,2006_08_NE_MIN,2006-10-30,NE,MIN,NE,MIN,away,T.Brady,L.Maroney,2.0,33.0,0.0,2.0,5.0,28.0
2006,8,2006_08_NE_MIN,2006-10-30,NE,MIN,NE,MIN,away,T.Brady,R.Caldwell,7.0,84.0,1.0,5.0,41.0,43.0
2006,8,2006_08_NE_MIN,2006-10-30,NE,MIN,NE,MIN,away,T.Brady,T.Brown,2.0,12.0,1.0,1.0,4.0,8.0
2006,9,2006_09_IND_NE,2006-11-05,NE,NE,IND,IND,home,T.Brady,B.Watson,4.0,54.0,0.0,3.0,43.0,11.0
2006,9,2006_09_IND_NE,2006-11-05,NE,NE,IND,IND,home,T.Brady,C.Dillon,1.0,5.0,0.0,0.0,5.0,0.0
2006,9,2006_09_IND_NE,2006-11-05,NE,NE,IND,IND,home,T.Brady,C.Jackson,1.0,9.0,0.0,0.0,5.0,4.0
2006,9,2006_09_IND_NE,2006-11-05,NE,NE,IND,IND,home,T.Brady,D.Gabriel,2.0,45.0,0.0,1.0,37.0,8.0
2006,9,2006_09_IND_NE,2006-11-05,NE,NE,IND,IND,home,T.Brady,K.Faulk,5.0,31.0,0.0,1.0,11.0,20.0
2006,9,2006_09_IND_NE,2006-11-05,NE,NE,IND,IND,home,T.Brady,L.Maroney,1.0,-1.0,0.0,0.0,-4.0,3.0
2006,9,2006_09_IND_NE,2006-11-05,NE,NE,IND,IND,home,T.Brady,R.Caldwell,1.0,21.0,0.0,1.0,19.0,2.0
2006,9,2006_09_IND_NE,2006-11-05,NE,NE,IND,IND,home,T.Brady,T.Brown,5.0,37.0,0.0,3.0,31.0,6.0
2006,10,2006_10_NYJ_NE,2006-11-12,NE,NE,NYJ,NYJ,home,T.Brady,B.Watson,2.0,16.0,0.0,2.0,14.0,2.0
2006,10,2006_10_NYJ_NE,2006-11-12,NE,NE,NYJ,NYJ,home,T.Brady,C.Dillon,1.0,5.0,0.0,0.0,-2.0,7.0
2006,10,2006_10_NYJ_NE,2006-11-12,NE,NE,NYJ,NYJ,home,T.Brady,C.Jackson,2.0,5.0,0.0,0.0,3.0,2.0
2006,10,2006_10_NYJ_NE,2006-11-12,NE,NE,NYJ,NYJ,home,T.Brady,D.Gabriel,2.0,30.0,0.0,0.0,5.0,25.0
2006,10,2006_10_NYJ_NE,2006-11-12,NE,NE,NYJ,NYJ,home,T.Brady,D.Graham,1.0,6.0,0.0,0.0,1.0,5.0
2006,10,2006_10_NYJ_NE,2006-11-12,NE,NE,NYJ,NYJ,home,T.Brady,J.Gaffney,3.0,65.0,0.0,3.0,54.0,11.0
2006,10,2006_10_NYJ_NE,2006-11-12,NE,NE,NYJ,NYJ,home,T.Brady,K.Faulk,3.0,23.0,0.0,1.0,5.0,18.0
2006,10,2006_10_NYJ_NE,2006-11-12,NE,NE,NYJ,NYJ,home,T.Brady,R.Caldwell,9.0,90.0,1.0,5.0,71.0,19.0
2006,10,2006_10_NYJ_NE,2006-11-12,NE,NE,NYJ,NYJ,home,T.Brady,T.Brown,2.0,15.0,0.0,1.0,2.0,13.0
2006,11,2006_11_NE_GB,2006-11-19,NE,GB,NE,GB,away,T.Brady,B.Watson,5.0,74.0,1.0,4.0,49.0,16.0
2006,11,2006_11_NE_GB,2006-11-19,NE,GB,NE,GB,away,T.Brady,C.Jackson,1.0,21.0,0.0,1.0,20.0,1.0
2006,11,2006_11_NE_GB,2006-11-19,NE,GB,NE,GB,away,T.Brady,D.Graham,1.0,2.0,1.0,1.0,2.0,0.0
2006,11,2006_11_NE_GB,2006-11-19,NE,GB,NE,GB,away,T.Brady,J.Gaffney,1.0,4.0,0.0,0.0,4.0,0.0
2006,11,2006_11_NE_GB,2006-11-19,NE,GB,NE,GB,away,T.Brady,K.Faulk,1.0,13.0,0.0,1.0,5.0,8.0
2006,11,2006_11_NE_GB,2006-11-19,NE,GB,NE,GB,away,T.Brady,L.Maroney,4.0,34.0,1.0,2.0,-2.0,36.0
2006,11,2006_11_NE_GB,2006-11-19,NE,GB,NE,GB,away,T.Brady,R.Caldwell,3.0,70.0,1.0,2.0,-24.0,94.0
2006,11,2006_11_NE_GB,2006-11-19,NE,GB,NE,GB,away,T.Brady,T.Brown,4.0,26.0,0.0,1.0,16.0,10.0
2006,12,2006_12_CHI_NE,2006-11-26,NE,NE,CHI,CHI,home,T.Brady,B.Watson,6.0,89.0,1.0,3.0,68.0,21.0
2006,12,2006_12_CHI_NE,2006-11-26,NE,NE,CHI,CHI,home,T.Brady,C.Dillon,1.0,3.0,0.0,0.0,-4.0,7.0
2006,12,2006_12_CHI_NE,2006-11-26,NE,NE,CHI,CHI,home,T.Brady,D.Graham,1.0,25.0,0.0,1.0,24.0,1.0
2006,12,2006_12_CHI_NE,2006-11-26,NE,NE,CHI,CHI,home,T.Brady,K.Faulk,6.0,37.0,0.0,2.0,13.0,24.0
2006,12,2006_12_CHI_NE,2006-11-26,NE,NE,CHI,CHI,home,T.Brady,L.Maroney,4.0,45.0,0.0,3.0,-1.0,46.0
2006,12,2006_12_CHI_NE,2006-11-26,NE,NE,CHI,CHI,home,T.Brady,R.Caldwell,3.0,57.0,0.0,3.0,36.0,21.0
2006,12,2006_12_CHI_NE,2006-11-26,NE,NE,CHI,CHI,home,T.Brady,T.Brown,1.0,13.0,0.0,1.0,7.0,6.0
2006,13,2006_13_DET_NE,2006-12-03,NE,NE,DET,DET,home,T.Brady,B.Watson,3.0,41.0,0.0,2.0,29.0,12.0
2006,13,2006_13_DET_NE,2006-12-03,NE,NE,DET,DET,home,T.Brady,C.Dillon,1.0,5.0,0.0,0.0,-2.0,7.0
2006,13,2006_13_DET_NE,2006-12-03,NE,NE,DET,DET,home,T.Brady,D.Gabriel,1.0,12.0,0.0,1.0,12.0,0.0
2006,13,2006_13_DET_NE,2006-12-03,NE,NE,DET,DET,home,T.Brady,D.Graham,2.0,24.0,0.0,1.0,19.0,5.0
2006,13,2006_13_DET_NE,2006-12-03,NE,NE,DET,DET,home,T.Brady,J.Gaffney,1.0,28.0,0.0,1.0,26.0,2.0
2006,13,2006_13_DET_NE,2006-12-03,NE,NE,DET,DET,home,T.Brady,K.Faulk,8.0,59.0,0.0,2.0,-5.0,64.0
2006,13,2006_13_DET_NE,2006-12-03,NE,NE,DET,DET,home,T.Brady,P.Pass,1.0,16.0,0.0,1.0,-3.0,19.0
2006,13,2006_13_DET_NE,2006-12-03,NE,NE,DET,DET,home,T.Brady,R.Caldwell,8.0,112.0,0.0,6.0,97.0,15.0
2006,13,2006_13_DET_NE,2006-12-03,NE,NE,DET,DET,home,T.Brady,T.Brown,2.0,8.0,0.0,1.0,3.0,5.0
2006,14,2006_14_NE_MIA,2006-12-10,NE,MIA,NE,MIA,away,M.Cassel,D.Graham,1.0,8.0,0.0,1.0,6.0,2.0
2006,14,2006_14_NE_MIA,2006-12-10,NE,MIA,NE,MIA,away,M.Cassel,H.Evans,1.0,4.0,0.0,0.0,3.0,1.0
2006,14,2006_14_NE_MIA,2006-12-10,NE,MIA,NE,MIA,away,T.Brady,B.Watson,1.0,5.0,0.0,0.0,4.0,1.0
2006,14,2006_14_NE_MIA,2006-12-10,NE,MIA,NE,MIA,away,T.Brady,C.Dillon,1.0,1.0,0.0,0.0,0.0,1.0
2006,14,2006_14_NE_MIA,2006-12-10,NE,MIA,NE,MIA,away,T.Brady,D.Graham,3.0,15.0,0.0,0.0,-2.0,17.0
2006,14,2006_14_NE_MIA,2006-12-10,NE,MIA,NE,MIA,away,T.Brady,K.Faulk,2.0,12.0,0.0,1.0,10.0,2.0
2006,14,2006_14_NE_MIA,2006-12-10,NE,MIA,NE,MIA,away,T.Brady,P.Pass,1.0,8.0,0.0,0.0,3.0,5.0
2006,14,2006_14_NE_MIA,2006-12-10,NE,MIA,NE,MIA,away,T.Brady,R.Caldwell,1.0,12.0,0.0,1.0,11.0,1.0
2006,14,2006_14_NE_MIA,2006-12-10,NE,MIA,NE,MIA,away,T.Brady,T.Brown,3.0,25.0,0.0,2.0,12.0,13.0
2006,15,2006_15_HOU_NE,2006-12-17,NE,NE,HOU,HOU,home,M.Cassel,C.Dillon,1.0,10.0,0.0,1.0,-6.0,16.0
2006,15,2006_15_HOU_NE,2006-12-17,NE,NE,HOU,HOU,home,M.Cassel,H.Evans,1.0,4.0,0.0,0.0,-4.0,8.0
2006,15,2006_15_HOU_NE,2006-12-17,NE,NE,HOU,HOU,home,M.Cassel,R.Caldwell,1.0,6.0,0.0,1.0,3.0,3.0
2006,15,2006_15_HOU_NE,2006-12-17,NE,NE,HOU,HOU,home,T.Brady,C.Dillon,4.0,10.0,0.0,1.0,-11.0,21.0
2006,15,2006_15_HOU_NE,2006-12-17,NE,NE,HOU,HOU,home,T.Brady,D.Thomas,3.0,24.0,0.0,0.0,2.0,22.0
2006,15,2006_15_HOU_NE,2006-12-17,NE,NE,HOU,HOU,home,T.Brady,J.Gaffney,1.0,6.0,1.0,1.0,6.0,0.0
2006,15,2006_15_HOU_NE,2006-12-17,NE,NE,HOU,HOU,home,T.Brady,K.Faulk,2.0,46.0,1.0,1.0,9.0,37.0
2006,15,2006_15_HOU_NE,2006-12-17,NE,NE,HOU,HOU,home,T.Brady,R.Caldwell,5.0,19.0,0.0,3.0,12.0,7.0
2006,15,2006_15_HOU_NE,2006-12-17,NE,NE,HOU,HOU,home,T.Brady,T.Brown,1.0,4.0,0.0,0.0,-1.0,5.0
2006,16,2006_16_NE_JAX,2006-12-24,NE,JAX,NE,JAX,away,T.Brady,B.Childress,2.0,7.0,0.0,1.0,5.0,2.0
2006,16,2006_16_NE_JAX,2006-12-24,NE,JAX,NE,JAX,away,T.Brady,C.Jackson,1.0,-2.0,0.0,0.0,-2.0,0.0
2006,16,2006_16_NE_JAX,2006-12-24,NE,JAX,NE,JAX,away,T.Brady,D.Graham,3.0,44.0,0.0,2.0,26.0,18.0
2006,16,2006_16_NE_JAX,2006-12-24,NE,JAX,NE,JAX,away,T.Brady,D.Thomas,5.0,83.0,1.0,2.0,43.0,40.0
2006,16,2006_16_NE_JAX,2006-12-24,NE,JAX,NE,JAX,away,T.Brady,H.Evans,1.0,1.0,0.0,0.0,-4.0,5.0
2006,16,2006_16_NE_JAX,2006-12-24,NE,JAX,NE,JAX,away,T.Brady,J.Gaffney,3.0,26.0,0.0,3.0,19.0,7.0
2006,16,2006_16_NE_JAX,2006-12-24,NE,JAX,NE,JAX,away,T.Brady,K.Faulk,2.0,12.0,0.0,0.0,5.0,7.0
2006,16,2006_16_NE_JAX,2006-12-24,NE,JAX,NE,JAX,away,T.Brady,K.Kight,1.0,9.0,0.0,0.0,6.0,3.0
2006,16,2006_16_NE_JAX,2006-12-24,NE,JAX,NE,JAX,away,T.Brady,L.Maroney,2.0,10.0,0.0,0.0,2.0,8.0
2006,16,2006_16_NE_JAX,2006-12-24,NE,JAX,NE,JAX,away,T.Brady,R.Caldwell,4.0,15.0,0.0,0.0,13.0,2.0
2006,16,2006_16_NE_JAX,2006-12-24,NE,JAX,NE,JAX,away,T.Brady,T.Brown,4.0,44.0,0.0,2.0,18.0,26.0
2006,17,2006_17_NE_TEN,2006-12-31,NE,TEN,NE,TEN,away,T.Brady,C.Dillon,2.0,59.0,0.0,1.0,-9.0,68.0
2006,17,2006_17_NE_TEN,2006-12-31,NE,TEN,NE,TEN,away,T.Brady,C.Jackson,1.0,0.0,0.0,0.0,0.0,0.0
2006,17,2006_17_NE_TEN,2006-12-31,NE,TEN,NE,TEN,away,T.Brady,D.Graham,1.0,6.0,0.0,0.0,5.0,1.0
2006,17,2006_17_NE_TEN,2006-12-31,NE,TEN,NE,TEN,away,T.Brady,H.Evans,2.0,14.0,0.0,0.0,5.0,9.0
2006,17,2006_17_NE_TEN,2006-12-31,NE,TEN,NE,TEN,away,T.Brady,J.Gaffney,1.0,9.0,0.0,1.0,6.0,3.0
2006,17,2006_17_NE_TEN,2006-12-31,NE,TEN,NE,TEN,away,T.Brady,L.Maroney,2.0,-4.0,0.0,0.0,-4.0,0.0
2006,17,2006_17_NE_TEN,2006-12-31,NE,TEN,NE,TEN,away,T.Brady,R.Caldwell,4.0,134.0,1.0,3.0,109.0,25.0
2006,17,2006_17_NE_TEN,2006-12-31,NE,TEN,NE,TEN,away,T.Brady,T.Brown,2.0,7.0,0.0,1.0,4.0,3.0
2006,17,2006_17_NE_TEN,2006-12-31,NE,TEN,NE,TEN,away,V.Testaverde,C.Jackson,1.0,23.0,0.0,1.0,5.0,18.0
2006,17,2006_17_NE_TEN,2006-12-31,NE,TEN,NE,TEN,away,V.Testaverde,T.Brown,1.0,6.0,1.0,1.0,6.0,0.0
2007,1,2007_01_NE_NYJ,2007-09-09,NE,NYJ,NE,NYJ,away,T.Brady,B.Watson,2.0,9.0,1.0,2.0,9.0,0.0
2007,1,2007_01_NE_NYJ,2007-09-09,NE,NYJ,NE,NYJ,away,T.Brady,D.Stallworth,1.0,19.0,0.0,1.0,14.0,5.0
2007,1,2007_01_NE_NYJ,2007-09-09,NE,NYJ,NE,NYJ,away,T.Brady,J.Gaffney,1.0,5.0,0.0,1.0,5.0,0.0
2007,1,2007_01_NE_NYJ,2007-09-09,NE,NYJ,NE,NYJ,away,T.Brady,K.Faulk,1.0,9.0,0.0,1.0,1.0,8.0
2007,1,2007_01_NE_NYJ,2007-09-09,NE,NYJ,NE,NYJ,away,T.Brady,R.Moss,9.0,183.0,1.0,8.0,107.0,76.0
2007,1,2007_01_NE_NYJ,2007-09-09,NE,NYJ,NE,NYJ,away,T.Brady,S.Morris,2.0,11.0,0.0,0.0,2.0,9.0
2007,1,2007_01_NE_NYJ,2007-09-09,NE,NYJ,NE,NYJ,away,T.Brady,W.Welker,6.0,61.0,1.0,3.0,8.0,53.0
2007,2,2007_02_SD_NE,2007-09-16,NE,NE,LAC,LAC,home,T.Brady,B.Watson,5.0,49.0,1.0,3.0,25.0,24.0
2007,2,2007_02_SD_NE,2007-09-16,NE,NE,LAC,LAC,home,T.Brady,D.Stallworth,2.0,19.0,0.0,1.0,14.0,5.0
2007,2,2007_02_SD_NE,2007-09-16,NE,NE,LAC,LAC,home,T.Brady,J.Gaffney,1.0,6.0,0.0,0.0,5.0,1.0
2007,2,2007_02_SD_NE,2007-09-16,NE,NE,LAC,LAC,home,T.Brady,K.Faulk,1.0,9.0,0.0,0.0,2.0,7.0
2007,2,2007_02_SD_NE,2007-09-16,NE,NE,LAC,LAC,home,T.Brady,R.Moss,8.0,105.0,2.0,5.0,81.0,24.0
2007,2,2007_02_SD_NE,2007-09-16,NE,NE,LAC,LAC,home,T.Brady,W.Welker,8.0,91.0,0.0,4.0,53.0,38.0
2007,3,2007_03_BUF_NE,2007-09-23,NE,NE,BUF,BUF,home,T.Brady,B.Watson,2.0,17.0,1.0,1.0,13.0,4.0
2007,3,2007_03_BUF_NE,2007-09-23,NE,NE,BUF,BUF,home,T.Brady,D.Stallworth,1.0,28.0,0.0,1.0,26.0,2.0
2007,3,2007_03_BUF_NE,2007-09-23,NE,NE,BUF,BUF,home,T.Brady,D.Thomas,1.0,9.0,0.0,1.0,6.0,3.0
2007,3,2007_03_BUF_NE,2007-09-23,NE,NE,BUF,BUF,home,T.Brady,J.Gaffney,2.0,15.0,1.0,2.0,10.0,5.0
2007,3,2007_03_BUF_NE,2007-09-23,NE,NE,BUF,BUF,home,T.Brady,K.Brady,1.0,20.0,0.0,1.0,17.0,3.0
2007,3,2007_03_BUF_NE,2007-09-23,NE,NE,BUF,BUF,home,T.Brady,K.Faulk,5.0,38.0,0.0,1.0,-1.0,39.0
2007,3,2007_03_BUF_NE,2007-09-23,NE,NE,BUF,BUF,home,T.Brady,R.Moss,5.0,104.0,2.0,3.0,82.0,22.0
2007,3,2007_03_BUF_NE,2007-09-23,NE,NE,BUF,BUF,home,T.Brady,W.Welker,6.0,80.0,0.0,4.0,34.0,35.0
2007,4,2007_04_NE_CIN,2007-10-01,NE,CIN,NE,CIN,away,T.Brady,B.Watson,2.0,12.0,0.0,0.0,11.0,1.0
2007,4,2007_04_NE_CIN,2007-10-01,NE,CIN,NE,CIN,away,T.Brady,D.Stallworth,4.0,49.0,0.0,2.0,14.0,35.0
2007,4,2007_04_NE_CIN,2007-10-01,NE,CIN,NE,CIN,away,T.Brady,K.Faulk,3.0,39.0,0.0,1.0,10.0,29.0
2007,4,2007_04_NE_CIN,2007-10-01,NE,CIN,NE,CIN,away,T.Brady,L.Mankins,1.0,-9.0,0.0,0.0,-9.0,0.0
2007,4,2007_04_NE_CIN,2007-10-01,NE,CIN,NE,CIN,away,T.Brady,M.Vrabel,1.0,1.0,1.0,1.0,1.0,0.0
2007,4,2007_04_NE_CIN,2007-10-01,NE,CIN,NE,CIN,away,T.Brady,R.Moss,9.0,102.0,2.0,6.0,54.0,48.0
2007,4,2007_04_NE_CIN,2007-10-01,NE,CIN,NE,CIN,away,T.Brady,S.Morris,2.0,15.0,0.0,1.0,-5.0,20.0
2007,4,2007_04_NE_CIN,2007-10-01,NE,CIN,NE,CIN,away,T.Brady,W.Welker,3.0,22.0,0.0,2.0,11.0,11.0
2007,5,2007_05_CLE_NE,2007-10-07,NE,NE,CLE,CLE,home,T.Brady,B.Watson,6.0,107.0,2.0,5.0,69.0,38.0
2007,5,2007_05_CLE_NE,2007-10-07,NE,NE,CLE,CLE,home,T.Brady,D.Stallworth,4.0,65.0,1.0,3.0,30.0,35.0
2007,5,2007_05_CLE_NE,2007-10-07,NE,NE,CLE,CLE,home,T.Brady,J.Gaffney,1.0,5.0,0.0,0.0,5.0,0.0
2007,5,2007_05_CLE_NE,2007-10-07,NE,NE,CLE,CLE,home,T.Brady,K.Brady,1.0,7.0,0.0,0.0,4.0,3.0
2007,5,2007_05_CLE_NE,2007-10-07,NE,NE,CLE,CLE,home,T.Brady,K.Faulk,1.0,7.0,0.0,1.0,2.0,5.0
2007,5,2007_05_CLE_NE,2007-10-07,NE,NE,CLE,CLE,home,T.Brady,R.Moss,3.0,46.0,0.0,3.0,41.0,5.0
2007,5,2007_05_CLE_NE,2007-10-07,NE,NE,CLE,CLE,home,T.Brady,S.Morris,2.0,9.0,0.0,0.0,5.0,4.0
2007,5,2007_05_CLE_NE,2007-10-07,NE,NE,CLE,CLE,home,T.Brady,W.Welker,4.0,19.0,0.0,0.0,12.0,7.0
2007,6,2007_06_NE_DAL,2007-10-14,NE,DAL,NE,DAL,away,T.Brady,B.Watson,1.0,28.0,0.0,1.0,23.0,5.0
2007,6,2007_06_NE_DAL,2007-10-14,NE,DAL,NE,DAL,away,T.Brady,D.Stallworth,7.0,136.0,1.0,4.0,59.0,77.0
2007,6,2007_06_NE_DAL,2007-10-14,NE,DAL,NE,DAL,away,T.Brady,J.Gaffney,2.0,16.0,0.0,1.0,12.0,4.0
2007,6,2007_06_NE_DAL,2007-10-14,NE,DAL,NE,DAL,away,T.Brady,K.Brady,1.0,1.0,1.0,1.0,1.0,0.0
2007,6,2007_06_NE_DAL,2007-10-14,NE,DAL,NE,DAL,away,T.Brady,K.Faulk,3.0,24.0,0.0,2.0,-1.0,25.0
2007,6,2007_06_NE_DAL,2007-10-14,NE,DAL,NE,DAL,away,T.Brady,R.Moss,6.0,59.0,1.0,3.0,37.0,22.0
2007,6,2007_06_NE_DAL,2007-10-14,NE,DAL,NE,DAL,away,T.Brady,W.Welker,11.0,124.0,2.0,7.0,62.0,47.0
2007,7,2007_07_NE_MIA,2007-10-21,NE,MIA,NE,MIA,away,M.Gutierrez,D.Stallworth,1.0,15.0,0.0,1.0,4.0,11.0
2007,7,2007_07_NE_MIA,2007-10-21,NE,MIA,NE,MIA,away,T.Brady,D.Stallworth,2.0,36.0,1.0,1.0,11.0,25.0
2007,7,2007_07_NE_MIA,2007-10-21,NE,MIA,NE,MIA,away,T.Brady,H.Evans,1.0,29.0,0.0,1.0,1.0,28.0
2007,7,2007_07_NE_MIA,2007-10-21,NE,MIA,NE,MIA,away,T.Brady,J.Gaffney,1.0,12.0,0.0,1.0,12.0,0.0
2007,7,2007_07_NE_MIA,2007-10-21,NE,MIA,NE,MIA,away,T.Brady,K.Brady,3.0,10.0,1.0,1.0,6.0,4.0
2007,7,2007_07_NE_MIA,2007-10-21,NE,MIA,NE,MIA,away,T.Brady,K.Faulk,1.0,7.0,0.0,0.0,3.0,4.0
2007,7,2007_07_NE_MIA,2007-10-21,NE,MIA,NE,MIA,away,T.Brady,R.Moss,4.0,122.0,2.0,4.0,111.0,11.0
2007,7,2007_07_NE_MIA,2007-10-21,NE,MIA,NE,MIA,away,T.Brady,W.Welker,9.0,138.0,2.0,8.0,82.0,56.0
2007,8,2007_08_WAS_NE,2007-10-28,NE,NE,WAS,WAS,home,M.Cassel,J.Gaffney,2.0,28.0,0.0,1.0,15.0,13.0
2007,8,2007_08_WAS_NE,2007-10-28,NE,NE,WAS,WAS,home,T.Brady,D.Stallworth,4.0,44.0,0.0,3.0,15.0,29.0
2007,8,2007_08_WAS_NE,2007-10-28,NE,NE,WAS,WAS,home,T.Brady,J.Gaffney,2.0,11.0,0.0,1.0,9.0,2.0
2007,8,2007_08_WAS_NE,2007-10-28,NE,NE,WAS,WAS,home,T.Brady,K.Brady,1.0,19.0,0.0,1.0,9.0,10.0
2007,8,2007_08_WAS_NE,2007-10-28,NE,NE,WAS,WAS,home,T.Brady,K.Faulk,7.0,57.0,0.0,3.0,-8.0,65.0
2007,8,2007_08_WAS_NE,2007-10-28,NE,NE,WAS,WAS,home,T.Brady,L.Maroney,2.0,37.0,0.0,2.0,-5.0,42.0
2007,8,2007_08_WAS_NE,2007-10-28,NE,NE,WAS,WAS,home,T.Brady,M.Vrabel,1.0,2.0,1.0,1.0,2.0,0.0
2007,8,2007_08_WAS_NE,2007-10-28,NE,NE,WAS,WAS,home,T.Brady,R.Moss,3.0,47.0,1.0,2.0,45.0,2.0
2007,8,2007_08_WAS_NE,2007-10-28,NE,NE,WAS,WAS,home,T.Brady,W.Welker,9.0,89.0,1.0,7.0,57.0,32.0
2007,9,2007_09_NE_IND,2007-11-04,NE,IND,NE,IND,away,T.Brady,B.Watson,2.0,10.0,0.0,1.0,10.0,0.0
2007,9,2007_09_NE_IND,2007-11-04,NE,IND,NE,IND,away,T.Brady,D.Stallworth,2.0,42.0,0.0,1.0,36.0,6.0
2007,9,2007_09_NE_IND,2007-11-04,NE,IND,NE,IND,away,T.Brady,K.Faulk,3.0,20.0,1.0,1.0,1.0,19.0
2007,9,2007_09_NE_IND,2007-11-04,NE,IND,NE,IND,away,T.Brady,R.Moss,9.0,145.0,1.0,8.0,115.0,30.0
2007,9,2007_09_NE_IND,2007-11-04,NE,IND,NE,IND,away,T.Brady,W.Welker,5.0,38.0,1.0,3.0,17.0,21.0
2007,11,2007_11_NE_BUF,2007-11-18,NE,BUF,NE,BUF,away,M.Cassel,H.Evans,1.0,4.0,0.0,1.0,2.0,2.0
2007,11,2007_11_NE_BUF,2007-11-18,NE,BUF,NE,BUF,away,M.Cassel,K.Eckel,1.0,6.0,0.0,0.0,5.0,1.0
2007,11,2007_11_NE_BUF,2007-11-18,NE,BUF,NE,BUF,away,T.Brady,B.Watson,3.0,43.0,1.0,3.0,30.0,13.0
2007,11,2007_11_NE_BUF,2007-11-18,NE,BUF,NE,BUF,away,T.Brady,D.Stallworth,5.0,56.0,0.0,2.0,32.0,24.0
2007,11,2007_11_NE_BUF,2007-11-18,NE,BUF,NE,BUF,away,T.Brady,H.Evans,1.0,6.0,0.0,0.0,-1.0,7.0
2007,11,2007_11_NE_BUF,2007-11-18,NE,BUF,NE,BUF,away,T.Brady,J.Gaffney,3.0,44.0,0.0,2.0,40.0,4.0
2007,11,2007_11_NE_BUF,2007-11-18,NE,BUF,NE,BUF,away,T.Brady,K.Faulk,2.0,18.0,0.0,1.0,4.0,14.0
2007,11,2007_11_NE_BUF,2007-11-18,NE,BUF,NE,BUF,away,T.Brady,R.Moss,10.0,128.0,4.0,9.0,104.0,24.0
2007,11,2007_11_NE_BUF,2007-11-18,NE,BUF,NE,BUF,away,T.Brady,W.Welker,7.0,78.0,0.0,3.0,33.0,45.0
2007,12,2007_12_PHI_NE,2007-11-25,NE,NE,PHI,PHI,home,T.Brady,B.Watson,3.0,17.0,0.0,1.0,9.0,8.0
2007,12,2007_12_PHI_NE,2007-11-25,NE,NE,PHI,PHI,home,T.Brady,D.Stallworth,4.0,54.0,0.0,2.0,29.0,25.0
2007,12,2007_12_PHI_NE,2007-11-25,NE,NE,PHI,PHI,home,T.Brady,J.Gaffney,6.0,87.0,1.0,4.0,57.0,30.0
2007,12,2007_12_PHI_NE,2007-11-25,NE,NE,PHI,PHI,home,T.Brady,K.Faulk,3.0,30.0,0.0,2.0,2.0,28.0
2007,12,2007_12_PHI_NE,2007-11-25,NE,NE,PHI,PHI,home,T.Brady,R.Moss,5.0,43.0,0.0,2.0,32.0,11.0
2007,12,2007_12_PHI_NE,2007-11-25,NE,NE,PHI,PHI,home,T.Brady,W.Welker,13.0,149.0,0.0,7.0,47.0,102.0
2007,13,2007_13_NE_BAL,2007-12-03,NE,BAL,NE,BAL,away,T.Brady,B.Watson,2.0,26.0,0.0,1.0,26.0,0.0
2007,13,2007_13_NE_BAL,2007-12-03,NE,BAL,NE,BAL,away,T.Brady,D.Stallworth,3.0,68.0,0.0,2.0,47.0,21.0
2007,13,2007_13_NE_BAL,2007-12-03,NE,BAL,NE,BAL,away,T.Brady,J.Gaffney,1.0,8.0,1.0,1.0,8.0,0.0
2007,13,2007_13_NE_BAL,2007-12-03,NE,BAL,NE,BAL,away,T.Brady,K.Brady,1.0,6.0,0.0,0.0,5.0,1.0
2007,13,2007_13_NE_BAL,2007-12-03,NE,BAL,NE,BAL,away,T.Brady,K.Faulk,2.0,18.0,0.0,0.0,12.0,6.0
2007,13,2007_13_NE_BAL,2007-12-03,NE,BAL,NE,BAL,away,T.Brady,L.Maroney,2.0,79.0,0.0,2.0,17.0,62.0
2007,13,2007_13_NE_BAL,2007-12-03,NE,BAL,NE,BAL,away,T.Brady,R.Moss,4.0,34.0,1.0,2.0,33.0,1.0
2007,13,2007_13_NE_BAL,2007-12-03,NE,BAL,NE,BAL,away,T.Brady,W.Welker,3.0,18.0,0.0,1.0,14.0,4.0
2007,14,2007_14_PIT_NE,2007-12-09,NE,NE,PIT,PIT,home,T.Brady,B.Watson,4.0,33.0,0.0,1.0,17.0,16.0
2007,14,2007_14_PIT_NE,2007-12-09,NE,NE,PIT,PIT,home,T.Brady,D.Stallworth,1.0,9.0,0.0,0.0,-2.0,11.0
2007,14,2007_14_PIT_NE,2007-12-09,NE,NE,PIT,PIT,home,T.Brady,J.Gaffney,7.0,122.0,1.0,3.0,91.0,31.0
2007,14,2007_14_PIT_NE,2007-12-09,NE,NE,PIT,PIT,home,T.Brady,K.Brady,1.0,7.0,0.0,1.0,4.0,3.0
2007,14,2007_14_PIT_NE,2007-12-09,NE,NE,PIT,PIT,home,T.Brady,K.Faulk,3.0,15.0,0.0,1.0,0.0,15.0
2007,14,2007_14_PIT_NE,2007-12-09,NE,NE,PIT,PIT,home,T.Brady,R.Moss,7.0,135.0,2.0,7.0,92.0,43.0
2007,14,2007_14_PIT_NE,2007-12-09,NE,NE,PIT,PIT,home,T.Brady,W.Welker,9.0,78.0,1.0,5.0,29.0,49.0
2007,15,2007_15_NYJ_NE,2007-12-16,NE,NE,NYJ,NYJ,home,T.Brady,H.Evans,1.0,4.0,0.0,0.0,0.0,4.0
2007,15,2007_15_NYJ_NE,2007-12-16,NE,NE,NYJ,NYJ,home,T.Brady,J.Gaffney,2.0,8.0,0.0,0.0,4.0,4.0
2007,15,2007_15_NYJ_NE,2007-12-16,NE,NE,NYJ,NYJ,home,T.Brady,K.Faulk,3.0,19.0,0.0,2.0,14.0,5.0
2007,15,2007_15_NYJ_NE,2007-12-16,NE,NE,NYJ,NYJ,home,T.Brady,R.Moss,5.0,79.0,0.0,3.0,76.0,3.0
2007,15,2007_15_NYJ_NE,2007-12-16,NE,NE,NYJ,NYJ,home,T.Brady,W.Welker,3.0,30.0,0.0,3.0,20.0,10.0
2007,16,2007_16_MIA_NE,2007-12-23,NE,NE,MIA,MIA,home,T.Brady,D.Stallworth,2.0,25.0,0.0,1.0,19.0,6.0
2007,16,2007_16_MIA_NE,2007-12-23,NE,NE,MIA,MIA,home,T.Brady,J.Gaffney,5.0,82.0,1.0,4.0,58.0,24.0
2007,16,2007_16_MIA_NE,2007-12-23,NE,NE,MIA,MIA,home,T.Brady,K.Faulk,1.0,9.0,0.0,1.0,-1.0,10.0
2007,16,2007_16_MIA_NE,2007-12-23,NE,NE,MIA,MIA,home,T.Brady,R.Moss,5.0,50.0,2.0,5.0,44.0,6.0
2007,16,2007_16_MIA_NE,2007-12-23,NE,NE,MIA,MIA,home,T.Brady,W.Welker,5.0,49.0,0.0,1.0,28.0,21.0
2007,17,2007_17_NE_NYG,2007-12-29,NE,NYG,NE,NYG,away,T.Brady,B.Watson,4.0,38.0,0.0,2.0,33.0,5.0
2007,17,2007_17_NE_NYG,2007-12-29,NE,NYG,NE,NYG,away,T.Brady,D.Stallworth,3.0,32.0,0.0,2.0,26.0,6.0
2007,17,2007_17_NE_NYG,2007-12-29,NE,NYG,NE,NYG,away,T.Brady,K.Faulk,8.0,64.0,0.0,3.0,5.0,59.0
2007,17,2007_17_NE_NYG,2007-12-29,NE,NYG,NE,NYG,away,T.Brady,R.Moss,6.0,100.0,2.0,4.0,69.0,31.0
2007,17,2007_17_NE_NYG,2007-12-29,NE,NYG,NE,NYG,away,T.Brady,W.Welker,11.0,122.0,0.0,7.0,39.0,83.0
2008,1,2008_01_KC_NE,2008-09-07,NE,NE,KC,KC,home,M.Cassel,D.Thomas,1.0,18.0,0.0,1.0,11.0,7.0
2008,1,2008_01_KC_NE,2008-09-07,NE,NE,KC,KC,home,M.Cassel,K.Washington,1.0,3.0,0.0,1.0,-3.0,6.0
2008,1,2008_01_KC_NE,2008-09-07,NE,NE,KC,KC,home,M.Cassel,R.Moss,3.0,66.0,1.0,2.0,43.0,23.0
2008,1,2008_01_KC_NE,2008-09-07,NE,NE,KC,KC,home,M.Cassel,S.Morris,5.0,34.0,0.0,0.0,0.0,34.0
2008,1,2008_01_KC_NE,2008-09-07,NE,NE,KC,KC,home,M.Cassel,W.Welker,3.0,31.0,0.0,2.0,11.0,20.0
2008,1,2008_01_KC_NE,2008-09-07,NE,NE,KC,KC,home,T.Brady,D.Thomas,1.0,6.0,0.0,0.0,6.0,0.0
2008,1,2008_01_KC_NE,2008-09-07,NE,NE,KC,KC,home,T.Brady,R.Moss,3.0,50.0,0.0,1.0,42.0,8.0
2008,1,2008_01_KC_NE,2008-09-07,NE,NE,KC,KC,home,T.Brady,W.Welker,3.0,20.0,0.0,2.0,0.0,20.0
2008,2,2008_02_NE_NYJ,2008-09-14,NE,NYJ,NE,NYJ,away,M.Cassel,D.Thomas,1.0,14.0,0.0,1.0,3.0,11.0
2008,2,2008_02_NE_NYJ,2008-09-14,NE,NYJ,NE,NYJ,away,M.Cassel,K.Faulk,4.0,50.0,0.0,3.0,11.0,39.0
2008,2,2008_02_NE_NYJ,2008-09-14,NE,NYJ,NE,NYJ,away,M.Cassel,R.Moss,2.0,22.0,0.0,1.0,18.0,4.0
2008,2,2008_02_NE_NYJ,2008-09-14,NE,NYJ,NE,NYJ,away,M.Cassel,S.Morris,2.0,7.0,0.0,2.0,3.0,4.0
2008,2,2008_02_NE_NYJ,2008-09-14,NE,NYJ,NE,NYJ,away,M.Cassel,W.Welker,7.0,72.0,0.0,3.0,7.0,65.0
2008,3,2008_03_MIA_NE,2008-09-21,NE,NE,MIA,MIA,home,K.O'Connell,D.Thomas,1.0,4.0,0.0,0.0,4.0,0.0
2008,3,2008_03_MIA_NE,2008-09-21,NE,NE,MIA,MIA,home,K.O'Connell,J.Gaffney,2.0,21.0,0.0,1.0,10.0,11.0
2008,3,2008_03_MIA_NE,2008-09-21,NE,NE,MIA,MIA,home,M.Cassel,B.Watson,1.0,6.0,0.0,0.0,4.0,2.0
2008,3,2008_03_MIA_NE,2008-09-21,NE,NE,MIA,MIA,home,M.Cassel,J.Gaffney,4.0,30.0,1.0,2.0,23.0,7.0
2008,3,2008_03_MIA_NE,2008-09-21,NE,NE,MIA,MIA,home,M.Cassel,K.Faulk,2.0,6.0,0.0,0.0,5.0,1.0
2008,3,2008_03_MIA_NE,2008-09-21,NE,NE,MIA,MIA,home,M.Cassel,R.Moss,4.0,25.0,0.0,1.0,22.0,3.0
2008,3,2008_03_MIA_NE,2008-09-21,NE,NE,MIA,MIA,home,M.Cassel,S.Aiken,1.0,9.0,0.0,1.0,2.0,7.0
2008,3,2008_03_MIA_NE,2008-09-21,NE,NE,MIA,MIA,home,M.Cassel,S.Morris,1.0,0.0,0.0,0.0,-4.0,4.0
2008,3,2008_03_MIA_NE,2008-09-21,NE,NE,MIA,MIA,home,M.Cassel,W.Welker,6.0,55.0,0.0,2.0,40.0,15.0
2008,5,2008_05_NE_SF,2008-10-05,NE,SF,NE,SF,away,M.Cassel,B.Watson,2.0,11.0,0.0,1.0,6.0,5.0
2008,5,2008_05_NE_SF,2008-10-05,NE,SF,NE,SF,away,M.Cassel,J.Gaffney,3.0,35.0,0.0,2.0,19.0,16.0
2008,5,2008_05_NE_SF,2008-10-05,NE,SF,NE,SF,away,M.Cassel,K.Faulk,4.0,29.0,0.0,1.0,-10.0,39.0
2008,5,2008_05_NE_SF,2008-10-05,NE,SF,NE,SF,away,M.Cassel,R.Moss,5.0,111.0,1.0,4.0,72.0,39.0
2008,5,2008_05_NE_SF,2008-10-05,NE,SF,NE,SF,away,M.Cassel,W.Welker,8.0,73.0,0.0,5.0,22.0,51.0
2008,6,2008_06_NE_SD,2008-10-12,NE,LAC,NE,LAC,away,M.Cassel,B.Green-Ellis,1.0,9.0,0.0,1.0,9.0,0.0
2008,6,2008_06_NE_SD,2008-10-12,NE,LAC,NE,LAC,away,M.Cassel,D.Thomas,1.0,13.0,0.0,1.0,3.0,10.0
2008,6,2008_06_NE_SD,2008-10-12,NE,LAC,NE,LAC,away,M.Cassel,J.Gaffney,1.0,4.0,0.0,0.0,4.0,0.0
2008,6,2008_06_NE_SD,2008-10-12,NE,LAC,NE,LAC,away,M.Cassel,K.Faulk,3.0,29.0,0.0,1.0,-7.0,36.0
2008,6,2008_06_NE_SD,2008-10-12,NE,LAC,NE,LAC,away,M.Cassel,R.Moss,3.0,26.0,0.0,1.0,12.0,14.0
2008,6,2008_06_NE_SD,2008-10-12,NE,LAC,NE,LAC,away,M.Cassel,S.Morris,4.0,49.0,0.0,2.0,8.0,41.0
2008,6,2008_06_NE_SD,2008-10-12,NE,LAC,NE,LAC,away,M.Cassel,W.Welker,9.0,73.0,0.0,2.0,48.0,25.0
2008,7,2008_07_DEN_NE,2008-10-20,NE,NE,DEN,DEN,home,M.Cassel,B.Watson,3.0,40.0,0.0,1.0,10.0,30.0
2008,7,2008_07_DEN_NE,2008-10-20,NE,NE,DEN,DEN,home,M.Cassel,K.Faulk,3.0,6.0,0.0,0.0,-6.0,12.0
2008,7,2008_07_DEN_NE,2008-10-20,NE,NE,DEN,DEN,home,M.Cassel,R.Moss,5.0,69.0,2.0,3.0,28.0,41.0
2008,7,2008_07_DEN_NE,2008-10-20,NE,NE,DEN,DEN,home,M.Cassel,S.Aiken,1.0,7.0,0.0,1.0,7.0,0.0
2008,7,2008_07_DEN_NE,2008-10-20,NE,NE,DEN,DEN,home,M.Cassel,W.Welker,6.0,63.0,1.0,3.0,21.0,42.0
2008,8,2008_08_STL_NE,2008-10-26,NE,NE,LA,LA,home,M.Cassel,B.Watson,1.0,13.0,0.0,1.0,10.0,3.0
2008,8,2008_08_STL_NE,2008-10-26,NE,NE,LA,LA,home,M.Cassel,D.Thomas,1.0,9.0,0.0,0.0,4.0,5.0
2008,8,2008_08_STL_NE,2008-10-26,NE,NE,LA,LA,home,M.Cassel,J.Gaffney,1.0,17.0,0.0,1.0,17.0,0.0
2008,8,2008_08_STL_NE,2008-10-26,NE,NE,LA,LA,home,M.Cassel,K.Faulk,4.0,47.0,1.0,2.0,12.0,35.0
2008,8,2008_08_STL_NE,2008-10-26,NE,NE,LA,LA,home,M.Cassel,R.Moss,7.0,102.0,0.0,5.0,62.0,40.0
2008,8,2008_08_STL_NE,2008-10-26,NE,NE,LA,LA,home,M.Cassel,W.Welker,7.0,79.0,0.0,6.0,31.0,48.0
2008,9,2008_09_NE_IND,2008-11-02,NE,IND,NE,IND,away,K.Faulk,W.Welker,1.0,-2.0,0.0,0.0,-4.0,2.0
2008,9,2008_09_NE_IND,2008-11-02,NE,IND,NE,IND,away,M.Cassel,B.Green-Ellis,1.0,8.0,0.0,1.0,-1.0,9.0
2008,9,2008_09_NE_IND,2008-11-02,NE,IND,NE,IND,away,M.Cassel,B.Watson,3.0,14.0,0.0,1.0,5.0,9.0
2008,9,2008_09_NE_IND,2008-11-02,NE,IND,NE,IND,away,M.Cassel,D.Thomas,3.0,29.0,0.0,2.0,18.0,11.0
2008,9,2008_09_NE_IND,2008-11-02,NE,IND,NE,IND,away,M.Cassel,J.Gaffney,1.0,11.0,0.0,1.0,11.0,0.0
2008,9,2008_09_NE_IND,2008-11-02,NE,IND,NE,IND,away,M.Cassel,K.Faulk,5.0,38.0,0.0,2.0,-3.0,41.0
2008,9,2008_09_NE_IND,2008-11-02,NE,IND,NE,IND,away,M.Cassel,R.Moss,6.0,65.0,0.0,4.0,32.0,33.0
2008,9,2008_09_NE_IND,2008-11-02,NE,IND,NE,IND,away,M.Cassel,W.Welker,6.0,39.0,0.0,1.0,15.0,24.0
2008,10,2008_10_BUF_NE,2008-11-09,NE,NE,BUF,BUF,home,M.Cassel,B.Watson,1.0,7.0,0.0,0.0,6.0,1.0
2008,10,2008_10_BUF_NE,2008-11-09,NE,NE,BUF,BUF,home,M.Cassel,J.Gaffney,4.0,36.0,0.0,2.0,22.0,14.0
2008,10,2008_10_BUF_NE,2008-11-09,NE,NE,BUF,BUF,home,M.Cassel,K.Faulk,1.0,9.0,0.0,0.0,-7.0,16.0
2008,10,2008_10_BUF_NE,2008-11-09,NE,NE,BUF,BUF,home,M.Cassel,R.Moss,5.0,53.0,0.0,3.0,50.0,3.0
2008,10,2008_10_BUF_NE,2008-11-09,NE,NE,BUF,BUF,home,M.Cassel,S.Aiken,2.0,22.0,0.0,1.0,15.0,7.0
2008,10,2008_10_BUF_NE,2008-11-09,NE,NE,BUF,BUF,home,M.Cassel,W.Welker,10.0,107.0,0.0,5.0,48.0,59.0
2008,11,2008_11_NYJ_NE,2008-11-13,NE,NE,NYJ,NYJ,home,M.Cassel,B.Watson,8.0,88.0,1.0,5.0,85.0,3.0
2008,11,2008_11_NYJ_NE,2008-11-13,NE,NE,NYJ,NYJ,home,M.Cassel,J.Gaffney,7.0,86.0,1.0,5.0,70.0,16.0
2008,11,2008_11_NYJ_NE,2008-11-13,NE,NE,NYJ,NYJ,home,M.Cassel,K.Faulk,4.0,49.0,0.0,2.0,10.0,39.0
2008,11,2008_11_NYJ_NE,2008-11-13,NE,NE,NYJ,NYJ,home,M.Cassel,R.Moss,3.0,26.0,1.0,1.0,23.0,3.0
2008,11,2008_11_NYJ_NE,2008-11-13,NE,NE,NYJ,NYJ,home,M.Cassel,S.Aiken,1.0,43.0,0.0,1.0,-3.0,46.0
2008,11,2008_11_NYJ_NE,2008-11-13,NE,NE,NYJ,NYJ,home,M.Cassel,W.Welker,7.0,108.0,0.0,4.0,43.0,65.0
2008,12,2008_12_NE_MIA,2008-11-23,NE,MIA,NE,MIA,away,M.Cassel,B.Watson,1.0,16.0,0.0,1.0,16.0,0.0
2008,12,2008_12_NE_MIA,2008-11-23,NE,MIA,NE,MIA,away,M.Cassel,J.Gaffney,5.0,88.0,0.0,5.0,68.0,20.0
2008,12,2008_12_NE_MIA,2008-11-23,NE,MIA,NE,MIA,away,M.Cassel,K.Faulk,6.0,52.0,0.0,2.0,26.0,26.0
2008,12,2008_12_NE_MIA,2008-11-23,NE,MIA,NE,MIA,away,M.Cassel,R.Moss,8.0,125.0,3.0,7.0,88.0,37.0
2008,12,2008_12_NE_MIA,2008-11-23,NE,MIA,NE,MIA,away,M.Cassel,S.Morris,2.0,14.0,0.0,0.0,12.0,2.0
2008,12,2008_12_NE_MIA,2008-11-23,NE,MIA,NE,MIA,away,M.Cassel,W.Welker,8.0,120.0,0.0,3.0,17.0,103.0
2008,13,2008_13_PIT_NE,2008-11-30,NE,NE,PIT,PIT,home,M.Cassel,B.Green-Ellis,1.0,20.0,0.0,1.0,-6.0,26.0
2008,13,2008_13_PIT_NE,2008-11-30,NE,NE,PIT,PIT,home,M.Cassel,B.Watson,1.0,12.0,0.0,1.0,9.0,3.0
2008,13,2008_13_PIT_NE,2008-11-30,NE,NE,PIT,PIT,home,M.Cassel,J.Gaffney,1.0,2.0,0.0,0.0,2.0,0.0
2008,13,2008_13_PIT_NE,2008-11-30,NE,NE,PIT,PIT,home,M.Cassel,K.Faulk,7.0,48.0,0.0,2.0,18.0,30.0
2008,13,2008_13_PIT_NE,2008-11-30,NE,NE,PIT,PIT,home,M.Cassel,R.Moss,4.0,45.0,0.0,2.0,30.0,15.0
2008,13,2008_13_PIT_NE,2008-11-30,NE,NE,PIT,PIT,home,M.Cassel,S.Morris,1.0,12.0,0.0,0.0,-4.0,16.0
2008,13,2008_13_PIT_NE,2008-11-30,NE,NE,PIT,PIT,home,M.Cassel,W.Welker,4.0,30.0,0.0,1.0,6.0,24.0
2008,14,2008_14_NE_SEA,2008-12-07,NE,SEA,NE,SEA,away,M.Cassel,B.Watson,1.0,2.0,1.0,1.0,2.0,0.0
2008,14,2008_14_NE_SEA,2008-12-07,NE,SEA,NE,SEA,away,M.Cassel,J.Gaffney,4.0,48.0,0.0,3.0,34.0,14.0
2008,14,2008_14_NE_SEA,2008-12-07,NE,SEA,NE,SEA,away,M.Cassel,K.Faulk,5.0,22.0,0.0,1.0,-15.0,37.0
2008,14,2008_14_NE_SEA,2008-12-07,NE,SEA,NE,SEA,away,M.Cassel,R.Moss,3.0,56.0,0.0,3.0,51.0,5.0
2008,14,2008_14_NE_SEA,2008-12-07,NE,SEA,NE,SEA,away,M.Cassel,S.Aiken,1.0,6.0,0.0,0.0,4.0,2.0
2008,14,2008_14_NE_SEA,2008-12-07,NE,SEA,NE,SEA,away,M.Cassel,W.Welker,12.0,134.0,0.0,8.0,41.0,93.0
2008,15,2008_15_NE_OAK,2008-12-14,NE,LV,NE,LV,away,M.Cassel,K.Faulk,6.0,66.0,1.0,5.0,-8.0,74.0
2008,15,2008_15_NE_OAK,2008-12-14,NE,LV,NE,LV,away,M.Cassel,R.Moss,5.0,67.0,2.0,5.0,65.0,2.0
2008,15,2008_15_NE_OAK,2008-12-14,NE,LV,NE,LV,away,M.Cassel,S.Aiken,1.0,16.0,0.0,1.0,-1.0,17.0
2008,15,2008_15_NE_OAK,2008-12-14,NE,LV,NE,LV,away,M.Cassel,W.Welker,6.0,69.0,1.0,4.0,40.0,29.0
2008,16,2008_16_ARI_NE,2008-12-21,NE,NE,ARI,ARI,home,K.O'Connell,S.Aiken,1.0,-2.0,0.0,0.0,-3.0,1.0
2008,16,2008_16_ARI_NE,2008-12-21,NE,NE,ARI,ARI,home,M.Cassel,H.Evans,1.0,28.0,0.0,1.0,4.0,24.0
2008,16,2008_16_ARI_NE,2008-12-21,NE,NE,ARI,ARI,home,M.Cassel,J.Gaffney,5.0,90.0,0.0,4.0,69.0,21.0
2008,16,2008_16_ARI_NE,2008-12-21,NE,NE,ARI,ARI,home,M.Cassel,K.Faulk,3.0,27.0,1.0,1.0,-3.0,30.0
2008,16,2008_16_ARI_NE,2008-12-21,NE,NE,ARI,ARI,home,M.Cassel,R.Moss,2.0,87.0,1.0,2.0,10.0,77.0
2008,16,2008_16_ARI_NE,2008-12-21,NE,NE,ARI,ARI,home,M.Cassel,S.Morris,2.0,45.0,0.0,1.0,-10.0,55.0
2008,16,2008_16_ARI_NE,2008-12-21,NE,NE,ARI,ARI,home,M.Cassel,W.Welker,7.0,68.0,1.0,4.0,19.0,49.0
2008,17,2008_17_NE_BUF,2008-12-28,NE,BUF,NE,BUF,away,M.Cassel,H.Evans,2.0,31.0,0.0,2.0,11.0,20.0
2008,17,2008_17_NE_BUF,2008-12-28,NE,BUF,NE,BUF,away,M.Cassel,K.Faulk,1.0,8.0,0.0,1.0,5.0,3.0
2008,17,2008_17_NE_BUF,2008-12-28,NE,BUF,NE,BUF,away,M.Cassel,R.Moss,1.0,13.0,0.0,1.0,13.0,0.0
2008,17,2008_17_NE_BUF,2008-12-28,NE,BUF,NE,BUF,away,M.Cassel,W.Welker,2.0,26.0,0.0,2.0,10.0,16.0
2016,1,2016_01_NE_ARI,2016-09-11,NE,ARI,NE,ARI,away,J.Garoppolo,C.Hogan,3.0,60.0,1.0,2.0,27.0,33.0
2016,1,2016_01_NE_ARI,2016-09-11,NE,ARI,NE,ARI,away,J.Garoppolo,D.Amendola,3.0,48.0,0.0,1.0,43.0,5.0
2016,1,2016_01_NE_ARI,2016-09-11,NE,ARI,NE,ARI,away,J.Garoppolo,J.Edelman,7.0,66.0,0.0,3.0,42.0,24.0
2016,1,2016_01_NE_ARI,2016-09-11,NE,ARI,NE,ARI,away,J.Garoppolo,J.Garoppolo,1.0,3.0,0.0,0.0,-4.0,7.0
2016,1,2016_01_NE_ARI,2016-09-11,NE,ARI,NE,ARI,away,J.Garoppolo,J.White,5.0,40.0,0.0,3.0,-5.0,45.0
2016,1,2016_01_NE_ARI,2016-09-11,NE,ARI,NE,ARI,away,J.Garoppolo,M.Bennett,3.0,14.0,0.0,1.0,7.0,7.0
2016,1,2016_01_NE_ARI,2016-09-11,NE,ARI,NE,ARI,away,J.Garoppolo,M.Mitchell,2.0,33.0,0.0,1.0,12.0,21.0
2016,2,2016_02_MIA_NE,2016-09-18,NE,NE,MIA,MIA,home,J.Brissett,C.Hogan,1.0,12.0,0.0,1.0,2.0,10.0
2016,2,2016_02_MIA_NE,2016-09-18,NE,NE,MIA,MIA,home,J.Brissett,J.Edelman,1.0,7.0,0.0,1.0,4.0,3.0
2016,2,2016_02_MIA_NE,2016-09-18,NE,NE,MIA,MIA,home,J.Brissett,J.White,1.0,5.0,0.0,0.0,-4.0,9.0
2016,2,2016_02_MIA_NE,2016-09-18,NE,NE,MIA,MIA,home,J.Brissett,M.Bennett,3.0,68.0,0.0,2.0,2.0,66.0
2016,2,2016_02_MIA_NE,2016-09-18,NE,NE,MIA,MIA,home,J.Garoppolo,C.Hogan,3.0,47.0,0.0,2.0,36.0,11.0
2016,2,2016_02_MIA_NE,2016-09-18,NE,NE,MIA,MIA,home,J.Garoppolo,D.Amendola,4.0,48.0,2.0,3.0,35.0,13.0
2016,2,2016_02_MIA_NE,2016-09-18,NE,NE,MIA,MIA,home,J.Garoppolo,D.Foster,1.0,2.0,0.0,0.0,-3.0,5.0
2016,2,2016_02_MIA_NE,2016-09-18,NE,NE,MIA,MIA,home,J.Garoppolo,J.Edelman,6.0,69.0,0.0,3.0,36.0,33.0
2016,2,2016_02_MIA_NE,2016-09-18,NE,NE,MIA,MIA,home,J.Garoppolo,J.White,1.0,5.0,0.0,0.0,-5.0,10.0
2016,2,2016_02_MIA_NE,2016-09-18,NE,NE,MIA,MIA,home,J.Garoppolo,M.Bennett,2.0,46.0,1.0,2.0,17.0,29.0
2016,2,2016_02_MIA_NE,2016-09-18,NE,NE,MIA,MIA,home,J.Garoppolo,M.Mitchell,1.0,15.0,0.0,1.0,15.0,0.0
2016,3,2016_03_HOU_NE,2016-09-22,NE,NE,HOU,HOU,home,J.Brissett,C.Hogan,1.0,3.0,0.0,0.0,-3.0,6.0
2016,3,2016_03_HOU_NE,2016-09-22,NE,NE,HOU,HOU,home,J.Brissett,D.Amendola,2.0,23.0,0.0,2.0,10.0,13.0
2016,3,2016_03_HOU_NE,2016-09-22,NE,NE,HOU,HOU,home,J.Brissett,J.Edelman,4.0,38.0,0.0,1.0,13.0,25.0
2016,3,2016_03_HOU_NE,2016-09-22,NE,NE,HOU,HOU,home,J.Brissett,J.White,1.0,2.0,0.0,0.0,-4.0,6.0
2016,3,2016_03_HOU_NE,2016-09-22,NE,NE,HOU,HOU,home,J.Brissett,M.Bennett,2.0,10.0,0.0,0.0,4.0,6.0
2016,3,2016_03_HOU_NE,2016-09-22,NE,NE,HOU,HOU,home,J.Brissett,M.Mitchell,1.0,27.0,0.0,1.0,5.0,22.0
2016,4,2016_04_BUF_NE,2016-10-02,NE,NE,BUF,BUF,home,J.Brissett,B.Bolden,2.0,15.0,0.0,1.0,2.0,13.0
2016,4,2016_04_BUF_NE,2016-10-02,NE,NE,BUF,BUF,home,J.Brissett,J.Edelman,1.0,16.0,0.0,1.0,16.0,0.0
2016,4,2016_04_BUF_NE,2016-10-02,NE,NE,BUF,BUF,home,J.Brissett,J.White,5.0,50.0,0.0,3.0,-2.0,52.0
2016,4,2016_04_BUF_NE,2016-10-02,NE,NE,BUF,BUF,home,J.Brissett,L.Blount,3.0,4.0,0.0,0.0,-5.0,9.0
2016,4,2016_04_BUF_NE,2016-10-02,NE,NE,BUF,BUF,home,J.Brissett,M.Bennett,5.0,109.0,0.0,4.0,32.0,77.0
2016,4,2016_04_BUF_NE,2016-10-02,NE,NE,BUF,BUF,home,J.Brissett,R.Gronkowski,1.0,11.0,0.0,1.0,9.0,2.0
2016,5,2016_05_NE_CLE,2016-10-09,NE,CLE,NE,CLE,away,T.Brady,C.Hogan,4.0,114.0,0.0,3.0,101.0,13.0
2016,5,2016_05_NE_CLE,2016-10-09,NE,CLE,NE,CLE,away,T.Brady,D.Amendola,2.0,11.0,0.0,0.0,7.0,4.0
2016,5,2016_05_NE_CLE,2016-10-09,NE,CLE,NE,CLE,away,T.Brady,J.Edelman,5.0,35.0,0.0,3.0,20.0,15.0
2016,5,2016_05_NE_CLE,2016-10-09,NE,CLE,NE,CLE,away,T.Brady,J.White,4.0,63.0,0.0,1.0,2.0,61.0
2016,5,2016_05_NE_CLE,2016-10-09,NE,CLE,NE,CLE,away,T.Brady,M.Bennett,6.0,67.0,3.0,4.0,30.0,37.0
2016,5,2016_05_NE_CLE,2016-10-09,NE,CLE,NE,CLE,away,T.Brady,M.Mitchell,2.0,7.0,0.0,0.0,6.0,1.0
2016,5,2016_05_NE_CLE,2016-10-09,NE,CLE,NE,CLE,away,T.Brady,R.Gronkowski,5.0,109.0,0.0,4.0,55.0,54.0
2016,6,2016_06_CIN_NE,2016-10-16,NE,NE,CIN,CIN,home,T.Brady,C.Hogan,1.0,39.0,0.0,1.0,15.0,24.0
2016,6,2016_06_CIN_NE,2016-10-16,NE,NE,CIN,CIN,home,T.Brady,D.Amendola,2.0,30.0,0.0,1.0,24.0,6.0
2016,6,2016_06_CIN_NE,2016-10-16,NE,NE,CIN,CIN,home,T.Brady,J.Edelman,4.0,30.0,0.0,3.0,15.0,15.0
2016,6,2016_06_CIN_NE,2016-10-16,NE,NE,CIN,CIN,home,T.Brady,J.White,8.0,47.0,2.0,4.0,-3.0,50.0
2016,6,2016_06_CIN_NE,2016-10-16,NE,NE,CIN,CIN,home,T.Brady,L.Blount,2.0,20.0,0.0,1.0,4.0,16.0
2016,6,2016_06_CIN_NE,2016-10-16,NE,NE,CIN,CIN,home,T.Brady,M.Bennett,5.0,48.0,0.0,2.0,30.0,18.0
2016,6,2016_06_CIN_NE,2016-10-16,NE,NE,CIN,CIN,home,T.Brady,R.Gronkowski,7.0,162.0,1.0,5.0,91.0,71.0
2016,7,2016_07_NE_PIT,2016-10-23,NE,PIT,NE,PIT,away,T.Brady,C.Hogan,2.0,25.0,0.0,1.0,20.0,5.0
2016,7,2016_07_NE_PIT,2016-10-23,NE,PIT,NE,PIT,away,T.Brady,J.Edelman,9.0,60.0,0.0,2.0,33.0,27.0
2016,7,2016_07_NE_PIT,2016-10-23,NE,PIT,NE,PIT,away,T.Brady,J.White,2.0,32.0,1.0,2.0,10.0,22.0
2016,7,2016_07_NE_PIT,2016-10-23,NE,PIT,NE,PIT,away,T.Brady,L.Blount,1.0,7.0,0.0,0.0,-5.0,12.0
2016,7,2016_07_NE_PIT,2016-10-23,NE,PIT,NE,PIT,away,T.Brady,M.Bennett,1.0,5.0,0.0,0.0,4.0,1.0
2016,7,2016_07_NE_PIT,2016-10-23,NE,PIT,NE,PIT,away,T.Brady,R.Gronkowski,4.0,93.0,1.0,4.0,59.0,34.0
2016,8,2016_08_NE_BUF,2016-10-30,NE,BUF,NE,BUF,away,T.Brady,C.Hogan,4.0,91.0,1.0,3.0,70.0,21.0
2016,8,2016_08_NE_BUF,2016-10-30,NE,BUF,NE,BUF,away,T.Brady,D.Amendola,3.0,29.0,1.0,3.0,17.0,12.0
2016,8,2016_08_NE_BUF,2016-10-30,NE,BUF,NE,BUF,away,T.Brady,J.Edelman,4.0,37.0,1.0,3.0,11.0,26.0
2016,8,2016_08_NE_BUF,2016-10-30,NE,BUF,NE,BUF,away,T.Brady,J.White,2.0,14.0,0.0,1.0,-1.0,15.0
2016,8,2016_08_NE_BUF,2016-10-30,NE,BUF,NE,BUF,away,T.Brady,M.Bennett,4.0,35.0,0.0,2.0,11.0,24.0
2016,8,2016_08_NE_BUF,2016-10-30,NE,BUF,NE,BUF,away,T.Brady,R.Gronkowski,5.0,109.0,1.0,3.0,57.0,52.0
2016,10,2016_10_SEA_NE,2016-11-13,NE,NE,SEA,SEA,home,T.Brady,D.Amendola,1.0,14.0,0.0,1.0,13.0,1.0
2016,10,2016_10_SEA_NE,2016-11-13,NE,NE,SEA,SEA,home,T.Brady,J.Edelman,7.0,99.0,0.0,5.0,64.0,35.0
2016,10,2016_10_SEA_NE,2016-11-13,NE,NE,SEA,SEA,home,T.Brady,J.White,4.0,32.0,0.0,2.0,-4.0,36.0
2016,10,2016_10_SEA_NE,2016-11-13,NE,NE,SEA,SEA,home,T.Brady,M.Bennett,7.0,102.0,0.0,3.0,45.0,57.0
2016,10,2016_10_SEA_NE,2016-11-13,NE,NE,SEA,SEA,home,T.Brady,M.Mitchell,1.0,13.0,0.0,1.0,7.0,6.0
2016,10,2016_10_SEA_NE,2016-11-13,NE,NE,SEA,SEA,home,T.Brady,R.Gronkowski,3.0,56.0,0.0,2.0,42.0,14.0
2016,11,2016_11_NE_SF,2016-11-20,NE,SF,NE,SF,away,T.Brady,D.Amendola,2.0,2.0,1.0,1.0,1.0,1.0
2016,11,2016_11_NE_SF,2016-11-20,NE,SF,NE,SF,away,T.Brady,D.Lewis,3.0,26.0,0.0,2.0,4.0,22.0
2016,11,2016_11_NE_SF,2016-11-20,NE,SF,NE,SF,away,T.Brady,J.Edelman,8.0,77.0,1.0,4.0,19.0,58.0
2016,11,2016_11_NE_SF,2016-11-20,NE,SF,NE,SF,away,T.Brady,J.White,6.0,63.0,1.0,3.0,14.0,49.0
2016,11,2016_11_NE_SF,2016-11-20,NE,SF,NE,SF,away,T.Brady,M.Bennett,1.0,14.0,0.0,1.0,13.0,1.0
2016,11,2016_11_NE_SF,2016-11-20,NE,SF,NE,SF,away,T.Brady,M.Mitchell,4.0,98.0,1.0,3.0,46.0,52.0
2016,12,2016_12_NE_NYJ,2016-11-27,NE,NYJ,NE,NYJ,away,T.Brady,C.Hogan,4.0,70.0,0.0,3.0,49.0,21.0
2016,12,2016_12_NE_NYJ,2016-11-27,NE,NYJ,NE,NYJ,away,T.Brady,D.Amendola,1.0,8.0,0.0,0.0,-1.0,9.0
2016,12,2016_12_NE_NYJ,2016-11-27,NE,NYJ,NE,NYJ,away,T.Brady,D.Lewis,4.0,34.0,0.0,2.0,8.0,26.0
2016,12,2016_12_NE_NYJ,2016-11-27,NE,NYJ,NE,NYJ,away,T.Brady,J.Develin,1.0,5.0,0.0,1.0,1.0,4.0
2016,12,2016_12_NE_NYJ,2016-11-27,NE,NYJ,NE,NYJ,away,T.Brady,J.Edelman,8.0,83.0,0.0,5.0,60.0,23.0
2016,12,2016_12_NE_NYJ,2016-11-27,NE,NYJ,NE,NYJ,away,T.Brady,J.White,4.0,22.0,0.0,1.0,-1.0,23.0
2016,12,2016_12_NE_NYJ,2016-11-27,NE,NYJ,NE,NYJ,away,T.Brady,M.Bennett,3.0,22.0,0.0,1.0,-1.0,23.0
2016,12,2016_12_NE_NYJ,2016-11-27,NE,NYJ,NE,NYJ,away,T.Brady,M.Mitchell,5.0,42.0,2.0,5.0,30.0,12.0
2016,13,2016_13_LA_NE,2016-12-04,NE,NE,LA,LA,home,T.Brady,C.Hogan,4.0,23.0,1.0,1.0,21.0,2.0
2016,13,2016_13_LA_NE,2016-12-04,NE,NE,LA,LA,home,T.Brady,D.Amendola,3.0,30.0,0.0,2.0,21.0,9.0
2016,13,2016_13_LA_NE,2016-12-04,NE,NE,LA,LA,home,T.Brady,D.Lewis,4.0,11.0,0.0,0.0,7.0,4.0
2016,13,2016_13_LA_NE,2016-12-04,NE,NE,LA,LA,home,T.Brady,J.Edelman,8.0,101.0,0.0,5.0,70.0,31.0
2016,13,2016_13_LA_NE,2016-12-04,NE,NE,LA,LA,home,T.Brady,J.White,4.0,18.0,0.0,0.0,-3.0,21.0
2016,13,2016_13_LA_NE,2016-12-04,NE,NE,LA,LA,home,T.Brady,M.Bennett,2.0,4.0,0.0,0.0,-6.0,10.0
2016,13,2016_13_LA_NE,2016-12-04,NE,NE,LA,LA,home,T.Brady,M.Mitchell,8.0,82.0,0.0,6.0,52.0,30.0
2016,14,2016_14_BAL_NE,2016-12-12,NE,NE,BAL,BAL,home,T.Brady,C.Hogan,5.0,129.0,1.0,3.0,58.0,71.0
2016,14,2016_14_BAL_NE,2016-12-12,NE,NE,BAL,BAL,home,T.Brady,D.Lewis,1.0,5.0,0.0,0.0,3.0,2.0
2016,14,2016_14_BAL_NE,2016-12-12,NE,NE,BAL,BAL,home,T.Brady,J.Edelman,7.0,73.0,0.0,3.0,53.0,20.0
2016,14,2016_14_BAL_NE,2016-12-12,NE,NE,BAL,BAL,home,T.Brady,J.White,3.0,81.0,0.0,2.0,9.0,72.0
2016,14,2016_14_BAL_NE,2016-12-12,NE,NE,BAL,BAL,home,T.Brady,L.Blount,1.0,7.0,0.0,0.0,1.0,6.0
2016,14,2016_14_BAL_NE,2016-12-12,NE,NE,BAL,BAL,home,T.Brady,M.Bennett,4.0,70.0,1.0,3.0,55.0,15.0
2016,14,2016_14_BAL_NE,2016-12-12,NE,NE,BAL,BAL,home,T.Brady,M.Mitchell,4.0,41.0,1.0,2.0,20.0,21.0
2016,15,2016_15_NE_DEN,2016-12-18,NE,DEN,NE,DEN,away,T.Brady,C.Hogan,1.0,18.0,0.0,1.0,18.0,0.0
2016,15,2016_15_NE_DEN,2016-12-18,NE,DEN,NE,DEN,away,T.Brady,D.Lewis,2.0,9.0,0.0,0.0,8.0,1.0
2016,15,2016_15_NE_DEN,2016-12-18,NE,DEN,NE,DEN,away,T.Brady,J.Develin,1.0,13.0,0.0,1.0,7.0,6.0
2016,15,2016_15_NE_DEN,2016-12-18,NE,DEN,NE,DEN,away,T.Brady,J.Edelman,6.0,75.0,0.0,5.0,49.0,26.0
2016,15,2016_15_NE_DEN,2016-12-18,NE,DEN,NE,DEN,away,T.Brady,J.White,3.0,24.0,0.0,2.0,10.0,14.0
2016,15,2016_15_NE_DEN,2016-12-18,NE,DEN,NE,DEN,away,T.Brady,M.Bennett,2.0,35.0,0.0,1.0,9.0,26.0
2016,15,2016_15_NE_DEN,2016-12-18,NE,DEN,NE,DEN,away,T.Brady,M.Mitchell,1.0,14.0,0.0,1.0,14.0,0.0
2016,16,2016_16_NYJ_NE,2016-12-24,NE,NE,NYJ,NYJ,home,J.Garoppolo,M.Floyd,1.0,6.0,0.0,0.0,6.0,0.0
2016,16,2016_16_NYJ_NE,2016-12-24,NE,NE,NYJ,NYJ,home,T.Brady,C.Hogan,1.0,22.0,0.0,1.0,19.0,3.0
2016,16,2016_16_NYJ_NE,2016-12-24,NE,NE,NYJ,NYJ,home,T.Brady,D.Lewis,1.0,5.0,0.0,0.0,-6.0,11.0
2016,16,2016_16_NYJ_NE,2016-12-24,NE,NE,NYJ,NYJ,home,T.Brady,J.Develin,1.0,0.0,0.0,0.0,0.0,0.0
2016,16,2016_16_NYJ_NE,2016-12-24,NE,NE,NYJ,NYJ,home,T.Brady,J.Edelman,5.0,89.0,0.0,4.0,73.0,16.0
2016,16,2016_16_NYJ_NE,2016-12-24,NE,NE,NYJ,NYJ,home,T.Brady,J.White,3.0,32.0,1.0,2.0,25.0,7.0
2016,16,2016_16_NYJ_NE,2016-12-24,NE,NE,NYJ,NYJ,home,T.Brady,M.Bennett,2.0,19.0,1.0,2.0,18.0,1.0
2016,16,2016_16_NYJ_NE,2016-12-24,NE,NE,NYJ,NYJ,home,T.Brady,M.Lengel,1.0,18.0,1.0,1.0,18.0,0.0
2016,16,2016_16_NYJ_NE,2016-12-24,NE,NE,NYJ,NYJ,home,T.Brady,M.Mitchell,3.0,29.0,0.0,2.0,27.0,2.0
2016,17,2016_17_NE_MIA,2017-01-01,NE,MIA,NE,MIA,away,T.Brady,C.Hogan,4.0,27.0,0.0,1.0,6.0,21.0
2016,17,2016_17_NE_MIA,2017-01-01,NE,MIA,NE,MIA,away,T.Brady,D.Lewis,2.0,4.0,0.0,0.0,-13.0,17.0
2016,17,2016_17_NE_MIA,2017-01-01,NE,MIA,NE,MIA,away,T.Brady,J.Edelman,8.0,151.0,1.0,5.0,34.0,117.0
2016,17,2016_17_NE_MIA,2017-01-01,NE,MIA,NE,MIA,away,T.Brady,J.White,4.0,21.0,0.0,0.0,1.0,20.0
2016,17,2016_17_NE_MIA,2017-01-01,NE,MIA,NE,MIA,away,T.Brady,M.Bennett,3.0,33.0,1.0,3.0,15.0,18.0
2016,17,2016_17_NE_MIA,2017-01-01,NE,MIA,NE,MIA,away,T.Brady,M.Floyd,3.0,36.0,1.0,3.0,22.0,14.0
2016,17,2016_17_NE_MIA,2017-01-01,NE,MIA,NE,MIA,away,T.Brady,M.Lengel,1.0,4.0,0.0,0.0,3.0,1.0
