season,week,game_id,game_date,posteam,home_team,away_team,passer_player_name,receiver_player_name,passing_yards,pass_touchdown,first_down
2006,1,2006_01_BUF_NE,2006-09-10,NE,NE,BUF,T.Brady,C.Dillon,16,0,1
2006,1,2006_01_BUF_NE,2006-09-10,NE,NE,BUF,T.Brady,B.Watson,5,0,0
2006,1,2006_01_BUF_NE,2006-09-10,NE,NE,BUF,T.Brady,T.Brown,9,1,1
2006,1,2006_01_BUF_NE,2006-09-10,NE,NE,BUF,T.Brady,R.Caldwell,9,0,1
2006,1,2006_01_BUF_NE,2006-09-10,NE,NE,BUF,T.Brady,C.Dillon,6,0,0
2006,1,2006_01_BUF_NE,2006-09-10,NE,NE,BUF,T.Brady,B.Watson,34,0,1
2006,1,2006_01_BUF_NE,2006-09-10,NE,NE,BUF,T.Brady,T.Brown,9,0,0
2006,1,2006_01_BUF_NE,2006-09-10,NE,NE,BUF,T.Brady,K.Faulk,17,1,1
2006,1,2006_01_BUF_NE,2006-09-10,NE,NE,BUF,T.Brady,B.Watson,11,0,1
2006,1,2006_01_BUF_NE,2006-09-10,NE,NE,BUF,T.Brady,R.Caldwell,24,0,1
2006,1,2006_01_BUF_NE,2006-09-10,NE,NE,BUF,T.Brady,D.Graham,23,0,1
2006,2,2006_02_NE_NYJ,2006-09-17,NE,NYJ,NE,T.Brady,T.Brown,15,0,1
2006,2,2006_02_NE_NYJ,2006-09-17,NE,NYJ,NE,T.Brady,C.Jackson,29,0,1
2006,2,2006_02_NE_NYJ,2006-09-17,NE,NYJ,NE,T.Brady,B.Watson,14,0,1
2006,2,2006_02_NE_NYJ,2006-09-17,NE,NYJ,NE,T.Brady,D.Thomas,29,0,1
2006,2,2006_02_NE_NYJ,2006-09-17,NE,NYJ,NE,T.Brady,D.Graham,29,0,1
2006,2,2006_02_NE_NYJ,2006-09-17,NE,NYJ,NE,T.Brady,R.Caldwell,8,0,1
2006,2,2006_02_NE_NYJ,2006-09-17,NE,NYJ,NE,T.Brady,T.Brown,14,0,1
2006,2,2006_02_NE_NYJ,2006-09-17,NE,NYJ,NE,T.Brady,B.Watson,23,0,1
2006,2,2006_02_NE_NYJ,2006-09-17,NE,NYJ,NE,T.Brady,C.Jackson,13,1,1
2006,2,2006_02_NE_NYJ,2006-09-17,NE,NYJ,NE,T.Brady,T.Brown,14,0,1
2006,2,2006_02_NE_NYJ,2006-09-17,NE,NYJ,NE,T.Brady,B.Watson,2,0,0
2006,2,2006_02_NE_NYJ,2006-09-17,NE,NYJ,NE,T.Brady,R.Caldwell,6,0,1
2006,2,2006_02_NE_NYJ,2006-09-17,NE,NYJ,NE,T.Brady,K.Faulk,6,0,1
2006,2,2006_02_NE_NYJ,2006-09-17,NE,NYJ,NE,T.Brady,T.Brown,8,0,1
2006,2,2006_02_NE_NYJ,2006-09-17,NE,NYJ,NE,T.Brady,K.Faulk,10,0,1
2006,3,2006_03_DEN_NE,2006-09-24,NE,NE,DEN,T.Brady,B.Watson,5,0,0
2006,3,2006_03_DEN_NE,2006-09-24,NE,NE,DEN,T.Brady,T.Brown,9,0,1
2006,3,2006_03_DEN_NE,2006-09-24,NE,NE,DEN,T.Brady,R.Caldwell,10,0,1
2006,3,2006_03_DEN_NE,2006-09-24,NE,NE,DEN,T.Brady,T.Brown,5,0,0
2006,3,2006_03_DEN_NE,2006-09-24,NE,NE,DEN,T.Brady,L.Maroney,11,0,1
2006,3,2006_03_DEN_NE,2006-09-24,NE,NE,DEN,T.Brady,L.Maroney,0,0,0
2006,3,2006_03_DEN_NE,2006-09-24,NE,NE,DEN,T.Brady,R.Caldwell,23,0,1
2006,3,2006_03_DEN_NE,2006-09-24,NE,NE,DEN,T.Brady,D.Graham,7,0,0
2006,3,2006_03_DEN_NE,2006-09-24,NE,NE,DEN,T.Brady,B.Watson,17,0,1
2006,3,2006_03_DEN_NE,2006-09-24,NE,NE,DEN,T.Brady,L.Maroney,31,0,1
2006,3,2006_03_DEN_NE,2006-09-24,NE,NE,DEN,T.Brady,R.Caldwell,13,0,1
2006,3,2006_03_DEN_NE,2006-09-24,NE,NE,DEN,T.Brady,K.Faulk,4,0,0
2006,3,2006_03_DEN_NE,2006-09-24,NE,NE,DEN,T.Brady,L.Maroney,5,0,0
2006,3,2006_03_DEN_NE,2006-09-24,NE,NE,DEN,T.Brady,T.Brown,23,0,1
2006,3,2006_03_DEN_NE,2006-09-24,NE,NE,DEN,T.Brady,B.Watson,12,0,1
2006,3,2006_03_DEN_NE,2006-09-24,NE,NE,DEN,T.Brady,K.Faulk,7,0,0
2006,3,2006_03_DEN_NE,2006-09-24,NE,NE,DEN,T.Brady,D.Gabriel,18,0,1
2006,3,2006_03_DEN_NE,2006-09-24,NE,NE,DEN,T.Brady,T.Brown,4,0,0
2006,3,2006_03_DEN_NE,2006-09-24,NE,NE,DEN,T.Brady,D.Gabriel,12,0,1
2006,3,2006_03_DEN_NE,2006-09-24,NE,NE,DEN,T.Brady,B.Watson,8,0,0
2006,3,2006_03_DEN_NE,2006-09-24,NE,NE,DEN,T.Brady,K.Faulk,6,0,1
2006,3,2006_03_DEN_NE,2006-09-24,NE,NE,DEN,T.Brady,K.Faulk,7,0,0
2006,3,2006_03_DEN_NE,2006-09-24,NE,NE,DEN,T.Brady,D.Gabriel,6,0,1
2006,3,2006_03_DEN_NE,2006-09-24,NE,NE,DEN,T.Brady,L.Maroney,14,0,1
2006,3,2006_03_DEN_NE,2006-09-24,NE,NE,DEN,T.Brady,D.Gabriel,8,1,1
2006,3,2006_03_DEN_NE,2006-09-24,NE,NE,DEN,T.Brady,K.Faulk,2,0,0
2006,3,2006_03_DEN_NE,2006-09-24,NE,NE,DEN,T.Brady,B.Watson,8,0,1
2006,3,2006_03_DEN_NE,2006-09-24,NE,NE,DEN,T.Brady,K.Faulk,8,0,0
2006,3,2006_03_DEN_NE,2006-09-24,NE,NE,DEN,T.Brady,B.Watson,16,0,1
2006,3,2006_03_DEN_NE,2006-09-24,NE,NE,DEN,T.Brady,D.Gabriel,12,0,1
2006,3,2006_03_DEN_NE,2006-09-24,NE,NE,DEN,T.Brady,D.Gabriel,9,0,0
2006,4,2006_04_NE_CIN,2006-10-01,NE,CIN,NE,T.Brady,K.Faulk,18,0,1
2006,4,2006_04_NE_CIN,2006-10-01,NE,CIN,NE,T.Brady,D.Gabriel,6,0,0
2006,4,2006_04_NE_CIN,2006-10-01,NE,CIN,NE,T.Brady,D.Gabriel,7,0,0
2006,4,2006_04_NE_CIN,2006-10-01,NE,CIN,NE,T.Brady,R.Caldwell,14,0,1
2006,4,2006_04_NE_CIN,2006-10-01,NE,CIN,NE,T.Brady,B.Watson,35,0,1
2006,4,2006_04_NE_CIN,2006-10-01,NE,CIN,NE,T.Brady,R.Caldwell,6,0,0
2006,4,2006_04_NE_CIN,2006-10-01,NE,CIN,NE,T.Brady,D.Gabriel,25,1,1
2006,4,2006_04_NE_CIN,2006-10-01,NE,CIN,NE,T.Brady,D.Graham,5,0,0
2006,4,2006_04_NE_CIN,2006-10-01,NE,CIN,NE,T.Brady,D.Graham,15,0,1
2006,4,2006_04_NE_CIN,2006-10-01,NE,CIN,NE,T.Brady,D.Gabriel,19,0,1
2006,4,2006_04_NE_CIN,2006-10-01,NE,CIN,NE,T.Brady,L.Maroney,15,0,1
2006,4,2006_04_NE_CIN,2006-10-01,NE,CIN,NE,T.Brady,D.Graham,11,0,1
2006,4,2006_04_NE_CIN,2006-10-01,NE,CIN,NE,T.Brady,D.Graham,3,1,1
2006,4,2006_04_NE_CIN,2006-10-01,NE,CIN,NE,T.Brady,C.Jackson,7,0,0
2006,4,2006_04_NE_CIN,2006-10-01,NE,CIN,NE,T.Brady,C.Jackson,2,0,0
2006,5,2006_05_MIA_NE,2006-10-08,NE,NE,MIA,T.Brady,T.Brown,11,0,1
2006,5,2006_05_MIA_NE,2006-10-08,NE,NE,MIA,T.Brady,H.Evans,10,0,1
2006,5,2006_05_MIA_NE,2006-10-08,NE,NE,MIA,T.Brady,T.Brown,8,0,1
2006,5,2006_05_MIA_NE,2006-10-08,NE,NE,MIA,T.Brady,D.Gabriel,7,0,0
2006,5,2006_05_MIA_NE,2006-10-08,NE,NE,MIA,T.Brady,R.Caldwell,5,0,1
2006,5,2006_05_MIA_NE,2006-10-08,NE,NE,MIA,T.Brady,T.Brown,10,1,1
2006,5,2006_05_MIA_NE,2006-10-08,NE,NE,MIA,T.Brady,D.Gabriel,0,0,0
2006,5,2006_05_MIA_NE,2006-10-08,NE,NE,MIA,T.Brady,B.Watson,9,0,1
2006,5,2006_05_MIA_NE,2006-10-08,NE,NE,MIA,T.Brady,B.Watson,4,0,0
2006,5,2006_05_MIA_NE,2006-10-08,NE,NE,MIA,T.Brady,T.Brown,15,0,1
2006,5,2006_05_MIA_NE,2006-10-08,NE,NE,MIA,T.Brady,K.Faulk,15,0,1
2006,5,2006_05_MIA_NE,2006-10-08,NE,NE,MIA,T.Brady,T.Brown,14,0,1
2006,5,2006_05_MIA_NE,2006-10-08,NE,NE,MIA,T.Brady,B.Watson,5,0,0
2006,5,2006_05_MIA_NE,2006-10-08,NE,NE,MIA,T.Brady,H.Evans,1,1,1
2006,5,2006_05_MIA_NE,2006-10-08,NE,NE,MIA,T.Brady,D.Thomas,11,0,1
2006,5,2006_05_MIA_NE,2006-10-08,NE,NE,MIA,T.Brady,B.Watson,15,0,1
2006,7,2006_07_NE_BUF,2006-10-22,NE,BUF,NE,T.Brady,R.Caldwell,5,0,0
2006,7,2006_07_NE_BUF,2006-10-22,NE,BUF,NE,T.Brady,R.Caldwell,6,0,1
2006,7,2006_07_NE_BUF,2006-10-22,NE,BUF,NE,T.Brady,R.Caldwell,8,0,0
2006,7,2006_07_NE_BUF,2006-10-22,NE,BUF,NE,T.Brady,L.Maroney,1,0,0
2006,7,2006_07_NE_BUF,2006-10-22,NE,BUF,NE,T.Brady,B.Watson,14,0,1
2006,7,2006_07_NE_BUF,2006-10-22,NE,BUF,NE,T.Brady,T.Brown,9,0,1
2006,7,2006_07_NE_BUF,2006-10-22,NE,BUF,NE,T.Brady,R.Caldwell,0,0,0
2006,7,2006_07_NE_BUF,2006-10-22,NE,BUF,NE,T.Brady,D.Gabriel,9,0,0
2006,7,2006_07_NE_BUF,2006-10-22,NE,BUF,NE,T.Brady,K.Faulk,11,0,0
2006,7,2006_07_NE_BUF,2006-10-22,NE,BUF,NE,T.Brady,R.Caldwell,3,0,1
2006,7,2006_07_NE_BUF,2006-10-22,NE,BUF,NE,T.Brady,B.Watson,8,0,0
2006,7,2006_07_NE_BUF,2006-10-22,NE,BUF,NE,T.Brady,B.Watson,20,0,1
2006,7,2006_07_NE_BUF,2006-10-22,NE,BUF,NE,T.Brady,C.Jackson,35,1,1
2006,7,2006_07_NE_BUF,2006-10-22,NE,BUF,NE,T.Brady,B.Watson,17,0,1
2006,7,2006_07_NE_BUF,2006-10-22,NE,BUF,NE,T.Brady,D.Gabriel,31,0,1
2006,7,2006_07_NE_BUF,2006-10-22,NE,BUF,NE,T.Brady,T.Brown,12,0,1
2006,7,2006_07_NE_BUF,2006-10-22,NE,BUF,NE,T.Brady,D.Gabriel,5,1,1
2006,7,2006_07_NE_BUF,2006-10-22,NE,BUF,NE,T.Brady,B.Watson,1,0,0
2006,8,2006_08_NE_MIN,2006-10-30,NE,MIN,NE,T.Brady,B.Watson,8,0,0
2006,8,2006_08_NE_MIN,2006-10-30,NE,MIN,NE,T.Brady,D.Gabriel,45,0,1
2006,8,2006_08_NE_MIN,2006-10-30,NE,MIN,NE,T.Brady,D.Gabriel,16,0,1
2006,8,2006_08_NE_MIN,2006-10-30,NE,MIN,NE,T.Brady,T.Brown,5,0,0
2006,8,2006_08_NE_MIN,2006-10-30,NE,MIN,NE,T.Brady,B.Watson,14,0,1
2006,8,2006_08_NE_MIN,2006-10-30,NE,MIN,NE,T.Brady,R.Caldwell,6,1,1
2006,8,2006_08_NE_MIN,2006-10-30,NE,MIN,NE,T.Brady,D.Gabriel,6,0,0
2006,8,2006_08_NE_MIN,2006-10-30,NE,MIN,NE,T.Brady,D.Gabriel,9,0,0
2006,8,2006_08_NE_MIN,2006-10-30,NE,MIN,NE,T.Brady,B.Watson,40,0,1
2006,8,2006_08_NE_MIN,2006-10-30,NE,MIN,NE,T.Brady,L.Maroney,20,0,1
2006,8,2006_08_NE_MIN,2006-10-30,NE,MIN,NE,T.Brady,D.Thomas,12,0,1
2006,8,2006_08_NE_MIN,2006-10-30,NE,MIN,NE,T.Brady,R.Caldwell,11,0,1
2006,8,2006_08_NE_MIN,2006-10-30,NE,MIN,NE,T.Brady,J.Gaffney,4,0,0
2006,8,2006_08_NE_MIN,2006-10-30,NE,MIN,NE,T.Brady,R.Caldwell,34,0,1
2006,8,2006_08_NE_MIN,2006-10-30,NE,MIN,NE,T.Brady,R.Caldwell,12,0,1
2006,8,2006_08_NE_MIN,2006-10-30,NE,MIN,NE,T.Brady,K.Faulk,6,0,0
2006,8,2006_08_NE_MIN,2006-10-30,NE,MIN,NE,T.Brady,B.Watson,9,1,1
2006,8,2006_08_NE_MIN,2006-10-30,NE,MIN,NE,T.Brady,R.Caldwell,8,0,0
2006,8,2006_08_NE_MIN,2006-10-30,NE,MIN,NE,T.Brady,B.Watson,6,0,1
2006,8,2006_08_NE_MIN,2006-10-30,NE,MIN,NE,T.Brady,T.Brown,7,1,1
2006,8,2006_08_NE_MIN,2006-10-30,NE,MIN,NE,T.Brady,R.Caldwell,15,0,1
2006,8,2006_08_NE_MIN,2006-10-30,NE,MIN,NE,T.Brady,C.Dillon,27,0,1
2006,8,2006_08_NE_MIN,2006-10-30,NE,MIN,NE,T.Brady,D.Gabriel,7,0,0
2006,8,2006_08_NE_MIN,2006-10-30,NE,MIN,NE,T.Brady,B.Watson,10,0,1
2006,8,2006_08_NE_MIN,2006-10-30,NE,MIN,NE,T.Brady,R.Caldwell,-2,0,0
2006,8,2006_08_NE_MIN,2006-10-30,NE,MIN,NE,T.Brady,L.Maroney,13,0,1
2006,8,2006_08_NE_MIN,2006-10-30,NE,MIN,NE,T.Brady,C.Jackson,10,1,1
2006,8,2006_08_NE_MIN,2006-10-30,NE,MIN,NE,T.Brady,K.Faulk,6,0,0
2006,8,2006_08_NE_MIN,2006-10-30,NE,MIN,NE,T.Brady,B.Watson,8,0,0
2006,9,2006_09_IND_NE,2006-11-05,NE,NE,IND,T.Brady,B.Watson,15,0,1
2006,9,2006_09_IND_NE,2006-11-05,NE,NE,IND,T.Brady,C.Jackson,9,0,0
2006,9,2006_09_IND_NE,2006-11-05,NE,NE,IND,T.Brady,T.Brown,6,0,0
2006,9,2006_09_IND_NE,2006-11-05,NE,NE,IND,T.Brady,L.Maroney,-1,0,0
2006,9,2006_09_IND_NE,2006-11-05,NE,NE,IND,T.Brady,D.Gabriel,39,0,1
2006,9,2006_09_IND_NE,2006-11-05,NE,NE,IND,T.Brady,K.Faulk,5,0,0
2006,9,2006_09_IND_NE,2006-11-05,NE,NE,IND,T.Brady,K.Faulk,14,0,1
2006,9,2006_09_IND_NE,2006-11-05,NE,NE,IND,T.Brady,R.Caldwell,21,0,1
2006,9,2006_09_IND_NE,2006-11-05,NE,NE,IND,T.Brady,T.Brown,5,0,1
2006,9,2006_09_IND_NE,2006-11-05,NE,NE,IND,T.Brady,K.Faulk,6,0,0
2006,9,2006_09_IND_NE,2006-11-05,NE,NE,IND,T.Brady,K.Faulk,3,0,0
2006,9,2006_09_IND_NE,2006-11-05,NE,NE,IND,T.Brady,T.Brown,8,0,1
2006,9,2006_09_IND_NE,2006-11-05,NE,NE,IND,T.Brady,T.Brown,12,0,1
2006,9,2006_09_IND_NE,2006-11-05,NE,NE,IND,T.Brady,B.Watson,7,0,0
2006,9,2006_09_IND_NE,2006-11-05,NE,NE,IND,T.Brady,K.Faulk,3,0,0
2006,9,2006_09_IND_NE,2006-11-05,NE,NE,IND,T.Brady,C.Dillon,5,0,0
2006,9,2006_09_IND_NE,2006-11-05,NE,NE,IND,T.Brady,D.Gabriel,6,0,0
2006,9,2006_09_IND_NE,2006-11-05,NE,NE,IND,T.Brady,T.Brown,6,0,0
2006,9,2006_09_IND_NE,2006-11-05,NE,NE,IND,T.Brady,B.Watson,7,0,1
2006,9,2006_09_IND_NE,2006-11-05,NE,NE,IND,T.Brady,B.Watson,25,0,1
2006,10,2006_10_NYJ_NE,2006-11-12,NE,NE,NYJ,T.Brady,D.Gabriel,8,0,0
2006,10,2006_10_NYJ_NE,2006-11-12,NE,NE,NYJ,T.Brady,C.Dillon,5,0,0
2006,10,2006_10_NYJ_NE,2006-11-12,NE,NE,NYJ,T.Brady,R.Caldwell,3,0,0
2006,10,2006_10_NYJ_NE,2006-11-12,NE,NE,NYJ,T.Brady,R.Caldwell,12,0,1
2006,10,2006_10_NYJ_NE,2006-11-12,NE,NE,NYJ,T.Brady,C.Jackson,5,0,0
2006,10,2006_10_NYJ_NE,2006-11-12,NE,NE,NYJ,T.Brady,R.Caldwell,10,0,1
2006,10,2006_10_NYJ_NE,2006-11-12,NE,NE,NYJ,T.Brady,D.Gabriel,22,0,0
2006,10,2006_10_NYJ_NE,2006-11-12,NE,NE,NYJ,T.Brady,D.Graham,6,0,0
2006,10,2006_10_NYJ_NE,2006-11-12,NE,NE,NYJ,T.Brady,K.Faulk,4,0,0
2006,10,2006_10_NYJ_NE,2006-11-12,NE,NE,NYJ,T.Brady,J.Gaffney,19,0,1
2006,10,2006_10_NYJ_NE,2006-11-12,NE,NE,NYJ,T.Brady,T.Brown,2,0,0
2006,10,2006_10_NYJ_NE,2006-11-12,NE,NE,NYJ,T.Brady,K.Faulk,5,0,0
2006,10,2006_10_NYJ_NE,2006-11-12,NE,NE,NYJ,T.Brady,C.Jackson,0,0,0
2006,10,2006_10_NYJ_NE,2006-11-12,NE,NE,NYJ,T.Brady,J.Gaffney,13,0,1
2006,10,2006_10_NYJ_NE,2006-11-12,NE,NE,NYJ,T.Brady,R.Caldwell,8,0,0
2006,10,2006_10_NYJ_NE,2006-11-12,NE,NE,NYJ,T.Brady,R.Caldwell,6,0,0
2006,10,2006_10_NYJ_NE,2006-11-12,NE,NE,NYJ,T.Brady,R.Caldwell,7,0,1
2006,10,2006_10_NYJ_NE,2006-11-12,NE,NE,NYJ,T.Brady,R.Caldwell,10,0,0
2006,10,2006_10_NYJ_NE,2006-11-12,NE,NE,NYJ,T.Brady,B.Watson,6,0,1
2006,10,2006_10_NYJ_NE,2006-11-12,NE,NE,NYJ,T.Brady,J.Gaffney,33,0,1
2006,10,2006_10_NYJ_NE,2006-11-12,NE,NE,NYJ,T.Brady,T.Brown,13,0,1
2006,10,2006_10_NYJ_NE,2006-11-12,NE,NE,NYJ,T.Brady,R.Caldwell,15,1,1
2006,10,2006_10_NYJ_NE,2006-11-12,NE,NE,NYJ,T.Brady,K.Faulk,14,0,1
2006,10,2006_10_NYJ_NE,2006-11-12,NE,NE,NYJ,T.Brady,B.Watson,10,0,1
2006,10,2006_10_NYJ_NE,2006-11-12,NE,NE,NYJ,T.Brady,R.Caldwell,19,0,1
2006,11,2006_11_NE_GB,2006-11-19,NE,GB,NE,T.Brady,K.Faulk,13,0,1
2006,11,2006_11_NE_GB,2006-11-19,NE,GB,NE,T.Brady,B.Watson,36,0,1
2006,11,2006_11_NE_GB,2006-11-19,NE,GB,NE,T.Brady,T.Brown,5,0,0
2006,11,2006_11_NE_GB,2006-11-19,NE,GB,NE,T.Brady,D.Graham,2,1,1
2006,11,2006_11_NE_GB,2006-11-19,NE,GB,NE,T.Brady,L.Maroney,1,0,0
2006,11,2006_11_NE_GB,2006-11-19,NE,GB,NE,T.Brady,R.Caldwell,9,0,0
2006,11,2006_11_NE_GB,2006-11-19,NE,GB,NE,T.Brady,J.Gaffney,4,0,0
2006,11,2006_11_NE_GB,2006-11-19,NE,GB,NE,T.Brady,T.Brown,11,0,1
2006,11,2006_11_NE_GB,2006-11-19,NE,GB,NE,T.Brady,L.Maroney,9,0,0
2006,11,2006_11_NE_GB,2006-11-19,NE,GB,NE,T.Brady,L.Maroney,5,0,1
2006,11,2006_11_NE_GB,2006-11-19,NE,GB,NE,T.Brady,T.Brown,5,0,0
2006,11,2006_11_NE_GB,2006-11-19,NE,GB,NE,T.Brady,B.Watson,4,0,0
2006,11,2006_11_NE_GB,2006-11-19,NE,GB,NE,T.Brady,R.Caldwell,54,1,1
2006,11,2006_11_NE_GB,2006-11-19,NE,GB,NE,T.Brady,R.Caldwell,7,0,1
2006,11,2006_11_NE_GB,2006-11-19,NE,GB,NE,T.Brady,C.Jackson,21,0,1
2006,11,2006_11_NE_GB,2006-11-19,NE,GB,NE,T.Brady,B.Watson,13,0,1
2006,11,2006_11_NE_GB,2006-11-19,NE,GB,NE,T.Brady,T.Brown,5,0,0
2006,11,2006_11_NE_GB,2006-11-19,NE,GB,NE,T.Brady,B.Watson,8,1,1
2006,11,2006_11_NE_GB,2006-11-19,NE,GB,NE,T.Brady,B.Watson,13,0,1
2006,11,2006_11_NE_GB,2006-11-19,NE,GB,NE,T.Brady,L.Maroney,19,1,1
2006,12,2006_12_CHI_NE,2006-11-26,NE,NE,CHI,T.Brady,B.Watson,10,0,1
2006,12,2006_12_CHI_NE,2006-11-26,NE,NE,CHI,T.Brady,L.Maroney,4,0,0
2006,12,2006_12_CHI_NE,2006-11-26,NE,NE,CHI,T.Brady,T.Brown,13,0,1
2006,12,2006_12_CHI_NE,2006-11-26,NE,NE,CHI,T.Brady,K.Faulk,7,0,1
2006,12,2006_12_CHI_NE,2006-11-26,NE,NE,CHI,T.Brady,D.Graham,25,0,1
2006,12,2006_12_CHI_NE,2006-11-26,NE,NE,CHI,T.Brady,B.Watson,9,0,0
2006,12,2006_12_CHI_NE,2006-11-26,NE,NE,CHI,T.Brady,R.Caldwell,15,0,1
2006,12,2006_12_CHI_NE,2006-11-26,NE,NE,CHI,T.Brady,L.Maroney,12,0,1
2006,12,2006_12_CHI_NE,2006-11-26,NE,NE,CHI,T.Brady,C.Dillon,3,0,0
2006,12,2006_12_CHI_NE,2006-11-26,NE,NE,CHI,T.Brady,K.Faulk,4,0,0
2006,12,2006_12_CHI_NE,2006-11-26,NE,NE,CHI,T.Brady,K.Faulk,7,0,1
2006,12,2006_12_CHI_NE,2006-11-26,NE,NE,CHI,T.Brady,K.Faulk,6,0,0
2006,12,2006_12_CHI_NE,2006-11-26,NE,NE,CHI,T.Brady,L.Maroney,9,0,1
2006,12,2006_12_CHI_NE,2006-11-26,NE,NE,CHI,T.Brady,K.Faulk,4,0,0
2006,12,2006_12_CHI_NE,2006-11-26,NE,NE,CHI,T.Brady,L.Maroney,20,0,1
2006,12,2006_12_CHI_NE,2006-11-26,NE,NE,CHI,T.Brady,B.Watson,23,0,0
2006,12,2006_12_CHI_NE,2006-11-26,NE,NE,CHI,T.Brady,B.Watson,5,0,0
2006,12,2006_12_CHI_NE,2006-11-26,NE,NE,CHI,T.Brady,B.Watson,40,0,1
2006,12,2006_12_CHI_NE,2006-11-26,NE,NE,CHI,T.Brady,K.Faulk,9,0,0
2006,12,2006_12_CHI_NE,2006-11-26,NE,NE,CHI,T.Brady,B.Watson,2,1,1
2006,12,2006_12_CHI_NE,2006-11-26,NE,NE,CHI,T.Brady,R.Caldwell,22,0,1
2006,12,2006_12_CHI_NE,2006-11-26,NE,NE,CHI,T.Brady,R.Caldwell,20,0,1
2006,13,2006_13_DET_NE,2006-12-03,NE,NE,DET,T.Brady,R.Caldwell,21,0,1
2006,13,2006_13_DET_NE,2006-12-03,NE,NE,DET,T.Brady,R.Caldwell,18,0,1
2006,13,2006_13_DET_NE,2006-12-03,NE,NE,DET,T.Brady,R.Caldwell,19,0,1
2006,13,2006_13_DET_NE,2006-12-03,NE,NE,DET,T.Brady,R.Caldwell,5,0,0
2006,13,2006_13_DET_NE,2006-12-03,NE,NE,DET,T.Brady,D.Graham,9,0,0
2006,13,2006_13_DET_NE,2006-12-03,NE,NE,DET,T.Brady,K.Faulk,5,0,0
2006,13,2006_13_DET_NE,2006-12-03,NE,NE,DET,T.Brady,C.Dillon,5,0,0
2006,13,2006_13_DET_NE,2006-12-03,NE,NE,DET,T.Brady,J.Gaffney,28,0,1
2006,13,2006_13_DET_NE,2006-12-03,NE,NE,DET,T.Brady,B.Watson,23,0,1
2006,13,2006_13_DET_NE,2006-12-03,NE,NE,DET,T.Brady,K.Faulk,1,0,0
2006,13,2006_13_DET_NE,2006-12-03,NE,NE,DET,T.Brady,R.Caldwell,28,0,1
2006,13,2006_13_DET_NE,2006-12-03,NE,NE,DET,T.Brady,K.Faulk,20,0,1
2006,13,2006_13_DET_NE,2006-12-03,NE,NE,DET,T.Brady,D.Gabriel,12,0,1
2006,13,2006_13_DET_NE,2006-12-03,NE,NE,DET,T.Brady,D.Graham,15,0,1
2006,13,2006_13_DET_NE,2006-12-03,NE,NE,DET,T.Brady,K.Faulk,13,0,1
2006,13,2006_13_DET_NE,2006-12-03,NE,NE,DET,T.Brady,K.Faulk,2,0,0
2006,13,2006_13_DET_NE,2006-12-03,NE,NE,DET,T.Brady,B.Watson,9,0,1
2006,13,2006_13_DET_NE,2006-12-03,NE,NE,DET,T.Brady,P.Pass,16,0,1
2006,13,2006_13_DET_NE,2006-12-03,NE,NE,DET,T.Brady,K.Faulk,8,0,0
2006,13,2006_13_DET_NE,2006-12-03,NE,NE,DET,T.Brady,K.Faulk,1,0,0
2006,13,2006_13_DET_NE,2006-12-03,NE,NE,DET,T.Brady,R.Caldwell,6,0,0
2006,13,2006_13_DET_NE,2006-12-03,NE,NE,DET,T.Brady,R.Caldwell,9,0,1
2006,13,2006_13_DET_NE,2006-12-03,NE,NE,DET,T.Brady,B.Watson,9,0,0
2006,13,2006_13_DET_NE,2006-12-03,NE,NE,DET,T.Brady,R.Caldwell,6,0,1
2006,13,2006_13_DET_NE,2006-12-03,NE,NE,DET,T.Brady,K.Faulk,9,0,0
2006,13,2006_13_DET_NE,2006-12-03,NE,NE,DET,T.Brady,T.Brown,3,0,1
2006,13,2006_13_DET_NE,2006-12-03,NE,NE,DET,T.Brady,T.Brown,5,0,0
2006,14,2006_14_NE_MIA,2006-12-10,NE,MIA,NE,T.Brady,K.Faulk,5,0,0
2006,14,2006_14_NE_MIA,2006-12-10,NE,MIA,NE,T.Brady,T.Brown,5,0,1
2006,14,2006_14_NE_MIA,2006-12-10,NE,MIA,NE,T.Brady,R.Caldwell,12,0,1
2006,14,2006_14_NE_MIA,2006-12-10,NE,MIA,NE,T.Brady,T.Brown,-1,0,0
2006,14,2006_14_NE_MIA,2006-12-10,NE,MIA,NE,T.Brady,D.Graham,7,0,0
2006,14,2006_14_NE_MIA,2006-12-10,NE,MIA,NE,T.Brady,K.Faulk,7,0,1
2006,14,2006_14_NE_MIA,2006-12-10,NE,MIA,NE,T.Brady,B.Watson,5,0,0
2006,14,2006_14_NE_MIA,2006-12-10,NE,MIA,NE,T.Brady,D.Graham,5,0,0
2006,14,2006_14_NE_MIA,2006-12-10,NE,MIA,NE,T.Brady,D.Graham,3,0,0
2006,14,2006_14_NE_MIA,2006-12-10,NE,MIA,NE,T.Brady,C.Dillon,1,0,0
2006,14,2006_14_NE_MIA,2006-12-10,NE,MIA,NE,T.Brady,T.Brown,21,0,1
2006,14,2006_14_NE_MIA,2006-12-10,NE,MIA,NE,T.Brady,P.Pass,8,0,0
2006,14,2006_14_NE_MIA,2006-12-10,NE,MIA,NE,M.Cassel,H.Evans,4,0,0
2006,14,2006_14_NE_MIA,2006-12-10,NE,MIA,NE,M.Cassel,D.Graham,8,0,1
2006,15,2006_15_HOU_NE,2006-12-17,NE,NE,HOU,T.Brady,C.Dillon,12,0,1
2006,15,2006_15_HOU_NE,2006-12-17,NE,NE,HOU,T.Brady,R.Caldwell,2,0,0
2006,15,2006_15_HOU_NE,2006-12-17,NE,NE,HOU,T.Brady,R.Caldwell,3,0,1
2006,15,2006_15_HOU_NE,2006-12-17,NE,NE,HOU,T.Brady,C.Dillon,4,0,0
2006,15,2006_15_HOU_NE,2006-12-17,NE,NE,HOU,T.Brady,K.Faulk,43,1,1
2006,15,2006_15_HOU_NE,2006-12-17,NE,NE,HOU,T.Brady,D.Thomas,11,0,0
2006,15,2006_15_HOU_NE,2006-12-17,NE,NE,HOU,T.Brady,C.Dillon,-6,0,0
2006,15,2006_15_HOU_NE,2006-12-17,NE,NE,HOU,T.Brady,R.Caldwell,8,0,1
2006,15,2006_15_HOU_NE,2006-12-17,NE,NE,HOU,T.Brady,R.Caldwell,5,0,1
2006,15,2006_15_HOU_NE,2006-12-17,NE,NE,HOU,T.Brady,R.Caldwell,1,0,0
2006,15,2006_15_HOU_NE,2006-12-17,NE,NE,HOU,T.Brady,J.Gaffney,6,1,1
2006,15,2006_15_HOU_NE,2006-12-17,NE,NE,HOU,T.Brady,D.Thomas,6,0,0
2006,15,2006_15_HOU_NE,2006-12-17,NE,NE,HOU,T.Brady,C.Dillon,0,0,0
2006,15,2006_15_HOU_NE,2006-12-17,NE,NE,HOU,T.Brady,D.Thomas,7,0,0
2006,15,2006_15_HOU_NE,2006-12-17,NE,NE,HOU,T.Brady,T.Brown,4,0,0
2006,15,2006_15_HOU_NE,2006-12-17,NE,NE,HOU,T.Brady,K.Faulk,3,0,0
2006,15,2006_15_HOU_NE,2006-12-17,NE,NE,HOU,M.Cassel,C.Dillon,10,0,1
2006,15,2006_15_HOU_NE,2006-12-17,NE,NE,HOU,M.Cassel,H.Evans,4,0,0
2006,15,2006_15_HOU_NE,2006-12-17,NE,NE,HOU,M.Cassel,R.Caldwell,6,0,1
2006,16,2006_16_NE_JAX,2006-12-24,NE,JAX,NE,T.Brady,K.Kight,9,0,0
2006,16,2006_16_NE_JAX,2006-12-24,NE,JAX,NE,T.Brady,T.Brown,11,0,1
2006,16,2006_16_NE_JAX,2006-12-24,NE,JAX,NE,T.Brady,L.Maroney,6,0,0
2006,16,2006_16_NE_JAX,2006-12-24,NE,JAX,NE,T.Brady,T.Brown,6,0,0
2006,16,2006_16_NE_JAX,2006-12-24,NE,JAX,NE,T.Brady,D.Thomas,6,0,0
2006,16,2006_16_NE_JAX,2006-12-24,NE,JAX,NE,T.Brady,R.Caldwell,3,0,0
2006,16,2006_16_NE_JAX,2006-12-24,NE,JAX,NE,T.Brady,T.Brown,19,0,1
2006,16,2006_16_NE_JAX,2006-12-24,NE,JAX,NE,T.Brady,R.Caldwell,2,0,0
2006,16,2006_16_NE_JAX,2006-12-24,NE,JAX,NE,T.Brady,D.Graham,7,0,0
2006,16,2006_16_NE_JAX,2006-12-24,NE,JAX,NE,T.Brady,K.Faulk,6,0,0
2006,16,2006_16_NE_JAX,2006-12-24,NE,JAX,NE,T.Brady,B.Childress,5,0,1
2006,16,2006_16_NE_JAX,2006-12-24,NE,JAX,NE,T.Brady,K.Faulk,6,0,0
2006,16,2006_16_NE_JAX,2006-12-24,NE,JAX,NE,T.Brady,T.Brown,8,0,0
2006,16,2006_16_NE_JAX,2006-12-24,NE,JAX,NE,T.Brady,J.Gaffney,5,0,1
2006,16,2006_16_NE_JAX,2006-12-24,NE,JAX,NE,T.Brady,H.Evans,1,0,0
2006,16,2006_16_NE_JAX,2006-12-24,NE,JAX,NE,T.Brady,J.Gaffney,9,0,1
2006,16,2006_16_NE_JAX,2006-12-24,NE,JAX,NE,T.Brady,D.Thomas,36,0,1
2006,16,2006_16_NE_JAX,2006-12-24,NE,JAX,NE,T.Brady,D.Thomas,22,1,1
2006,16,2006_16_NE_JAX,2006-12-24,NE,JAX,NE,T.Brady,D.Graham,19,0,1
2006,16,2006_16_NE_JAX,2006-12-24,NE,JAX,NE,T.Brady,R.Caldwell,7,0,0
2006,16,2006_16_NE_JAX,2006-12-24,NE,JAX,NE,T.Brady,B.Childress,2,0,0
2006,16,2006_16_NE_JAX,2006-12-24,NE,JAX,NE,T.Brady,D.Thomas,4,0,0
2006,16,2006_16_NE_JAX,2006-12-24,NE,JAX,NE,T.Brady,D.Thomas,15,0,0
2006,16,2006_16_NE_JAX,2006-12-24,NE,JAX,NE,T.Brady,L.Maroney,4,0,0
2006,16,2006_16_NE_JAX,2006-12-24,NE,JAX,NE,T.Brady,C.Jackson,-2,0,0
2006,16,2006_16_NE_JAX,2006-12-24,NE,JAX,NE,T.Brady,J.Gaffney,12,0,1
2006,16,2006_16_NE_JAX,2006-12-24,NE,JAX,NE,T.Brady,R.Caldwell,3,0,0
2006,16,2006_16_NE_JAX,2006-12-24,NE,JAX,NE,T.Brady,D.Graham,18,0,1
2006,17,2006_17_NE_TEN,2006-12-31,NE,TEN,NE,T.Brady,C.Dillon,7,0,0
2006,17,2006_17_NE_TEN,2006-12-31,NE,TEN,NE,T.Brady,C.Dillon,52,0,1
2006,17,2006_17_NE_TEN,2006-12-31,NE,TEN,NE,T.Brady,H.Evans,11,0,0
2006,17,2006_17_NE_TEN,2006-12-31,NE,TEN,NE,T.Brady,T.Brown,5,0,1
2006,17,2006_17_NE_TEN,2006-12-31,NE,TEN,NE,T.Brady,C.Jackson,0,0,0
2006,17,2006_17_NE_TEN,2006-12-31,NE,TEN,NE,T.Brady,L.Maroney,1,0,0
2006,17,2006_17_NE_TEN,2006-12-31,NE,TEN,NE,T.Brady,R.Caldwell,7,0,0
2006,17,2006_17_NE_TEN,2006-12-31,NE,TEN,NE,T.Brady,R.Caldwell,16,0,1
2006,17,2006_17_NE_TEN,2006-12-31,NE,TEN,NE,T.Brady,D.Graham,6,0,0
2006,17,2006_17_NE_TEN,2006-12-31,NE,TEN,NE,T.Brady,R.Caldwell,49,0,1
2006,17,2006_17_NE_TEN,2006-12-31,NE,TEN,NE,T.Brady,T.Brown,2,0,0
2006,17,2006_17_NE_TEN,2006-12-31,NE,TEN,NE,T.Brady,J.Gaffney,9,0,1
2006,17,2006_17_NE_TEN,2006-12-31,NE,TEN,NE,T.Brady,H.Evans,3,0,0
2006,17,2006_17_NE_TEN,2006-12-31,NE,TEN,NE,T.Brady,R.Caldwell,62,1,1
2006,17,2006_17_NE_TEN,2006-12-31,NE,TEN,NE,T.Brady,L.Maroney,-5,0,0
2006,17,2006_17_NE_TEN,2006-12-31,NE,TEN,NE,V.Testaverde,C.Jackson,23,0,1
2006,17,2006_17_NE_TEN,2006-12-31,NE,TEN,NE,V.Testaverde,T.Brown,6,1,1
2007,1,2007_01_NE_NYJ,2007-09-09,NE,NYJ,NE,T.Brady,W.Welker,9,0,0
2007,1,2007_01_NE_NYJ,2007-09-09,NE,NYJ,NE,T.Brady,W.Welker,10,0,1
2007,1,2007_01_NE_NYJ,2007-09-09,NE,NYJ,NE,T.Brady,R.Moss,18,0,1
2007,1,2007_01_NE_NYJ,2007-09-09,NE,NYJ,NE,T.Brady,W.Welker,11,1,1
2007,1,2007_01_NE_NYJ,2007-09-09,NE,NYJ,NE,T.Brady,D.Stallworth,19,0,1
2007,1,2007_01_NE_NYJ,2007-09-09,NE,NYJ,NE,T.Brady,W.Welker,9,0,0
2007,1,2007_01_NE_NYJ,2007-09-09,NE,NYJ,NE,T.Brady,R.Moss,14,0,1
2007,1,2007_01_NE_NYJ,2007-09-09,NE,NYJ,NE,T.Brady,S.Morris,5,0,0
2007,1,2007_01_NE_NYJ,2007-09-09,NE,NYJ,NE,T.Brady,B.Watson,4,0,1
2007,1,2007_01_NE_NYJ,2007-09-09,NE,NYJ,NE,T.Brady,R.Moss,33,0,1
2007,1,2007_01_NE_NYJ,2007-09-09,NE,NYJ,NE,T.Brady,R.Moss,22,0,1
2007,1,2007_01_NE_NYJ,2007-09-09,NE,NYJ,NE,T.Brady,B.Watson,5,1,1
2007,1,2007_01_NE_NYJ,2007-09-09,NE,NYJ,NE,T.Brady,R.Moss,19,0,1
2007,1,2007_01_NE_NYJ,2007-09-09,NE,NYJ,NE,T.Brady,K.Faulk,9,0,1
2007,1,2007_01_NE_NYJ,2007-09-09,NE,NYJ,NE,T.Brady,R.Moss,51,1,1
2007,1,2007_01_NE_NYJ,2007-09-09,NE,NYJ,NE,T.Brady,S.Morris,6,0,0
2007,1,2007_01_NE_NYJ,2007-09-09,NE,NYJ,NE,T.Brady,W.Welker,13,0,0
2007,1,2007_01_NE_NYJ,2007-09-09,NE,NYJ,NE,T.Brady,R.Moss,12,0,1
2007,1,2007_01_NE_NYJ,2007-09-09,NE,NYJ,NE,T.Brady,J.Gaffney,5,0,1
2007,1,2007_01_NE_NYJ,2007-09-09,NE,NYJ,NE,T.Brady,R.Moss,1,0,0
2007,1,2007_01_NE_NYJ,2007-09-09,NE,NYJ,NE,T.Brady,W.Welker,9,0,1
2007,1,2007_01_NE_NYJ,2007-09-09,NE,NYJ,NE,T.Brady,R.Moss,13,0,1
2007,2,2007_02_SD_NE,2007-09-16,NE,NE,LAC,T.Brady,B.Watson,9,0,0
2007,2,2007_02_SD_NE,2007-09-16,NE,NE,LAC,T.Brady,B.Watson,6,0,1
2007,2,2007_02_SD_NE,2007-09-16,NE,NE,LAC,T.Brady,R.Moss,8,0,0
2007,2,2007_02_SD_NE,2007-09-16,NE,NE,LAC,T.Brady,R.Moss,5,0,1
2007,2,2007_02_SD_NE,2007-09-16,NE,NE,LAC,T.Brady,W.Welker,34,0,1
2007,2,2007_02_SD_NE,2007-09-16,NE,NE,LAC,T.Brady,B.Watson,7,1,1
2007,2,2007_02_SD_NE,2007-09-16,NE,NE,LAC,T.Brady,W.Welker,6,0,0
2007,2,2007_02_SD_NE,2007-09-16,NE,NE,LAC,T.Brady,W.Welker,11,0,1
2007,2,2007_02_SD_NE,2007-09-16,NE,NE,LAC,T.Brady,R.Moss,10,0,1
2007,2,2007_02_SD_NE,2007-09-16,NE,NE,LAC,T.Brady,W.Welker,15,0,1
2007,2,2007_02_SD_NE,2007-09-16,NE,NE,LAC,T.Brady,R.Moss,6,0,0
2007,2,2007_02_SD_NE,2007-09-16,NE,NE,LAC,T.Brady,R.Moss,23,1,1
2007,2,2007_02_SD_NE,2007-09-16,NE,NE,LAC,T.Brady,D.Stallworth,11,0,1
2007,2,2007_02_SD_NE,2007-09-16,NE,NE,LAC,T.Brady,R.Moss,14,0,0
2007,2,2007_02_SD_NE,2007-09-16,NE,NE,LAC,T.Brady,J.Gaffney,6,0,0
2007,2,2007_02_SD_NE,2007-09-16,NE,NE,LAC,T.Brady,B.Watson,13,0,0
2007,2,2007_02_SD_NE,2007-09-16,NE,NE,LAC,T.Brady,K.Faulk,9,0,0
2007,2,2007_02_SD_NE,2007-09-16,NE,NE,LAC,T.Brady,R.Moss,15,0,1
2007,2,2007_02_SD_NE,2007-09-16,NE,NE,LAC,T.Brady,R.Moss,24,1,1
2007,2,2007_02_SD_NE,2007-09-16,NE,NE,LAC,T.Brady,D.Stallworth,8,0,0
2007,2,2007_02_SD_NE,2007-09-16,NE,NE,LAC,T.Brady,W.Welker,8,0,1
2007,2,2007_02_SD_NE,2007-09-16,NE,NE,LAC,T.Brady,W.Welker,6,0,0
2007,2,2007_02_SD_NE,2007-09-16,NE,NE,LAC,T.Brady,W.Welker,8,0,0
2007,2,2007_02_SD_NE,2007-09-16,NE,NE,LAC,T.Brady,B.Watson,14,0,1
2007,2,2007_02_SD_NE,2007-09-16,NE,NE,LAC,T.Brady,W.Welker,3,0,0
2007,3,2007_03_BUF_NE,2007-09-23,NE,NE,BUF,T.Brady,R.Moss,4,0,0
2007,3,2007_03_BUF_NE,2007-09-23,NE,NE,BUF,T.Brady,K.Faulk,9,0,0
2007,3,2007_03_BUF_NE,2007-09-23,NE,NE,BUF,T.Brady,D.Thomas,9,0,1
2007,3,2007_03_BUF_NE,2007-09-23,NE,NE,BUF,T.Brady,B.Watson,9,0,0
2007,3,2007_03_BUF_NE,2007-09-23,NE,NE,BUF,T.Brady,K.Faulk,6,0,0
2007,3,2007_03_BUF_NE,2007-09-23,NE,NE,BUF,T.Brady,W.Welker,13,0,1
2007,3,2007_03_BUF_NE,2007-09-23,NE,NE,BUF,T.Brady,D.Stallworth,28,0,1
2007,3,2007_03_BUF_NE,2007-09-23,NE,NE,BUF,T.Brady,J.Gaffney,11,0,1
2007,3,2007_03_BUF_NE,2007-09-23,NE,NE,BUF,T.Brady,B.Watson,8,1,1
2007,3,2007_03_BUF_NE,2007-09-23,NE,NE,BUF,T.Brady,K.Brady,20,0,1
2007,3,2007_03_BUF_NE,2007-09-23,NE,NE,BUF,T.Brady,R.Moss,3,1,1
2007,3,2007_03_BUF_NE,2007-09-23,NE,NE,BUF,T.Brady,K.Faulk,4,0,0
2007,3,2007_03_BUF_NE,2007-09-23,NE,NE,BUF,T.Brady,W.Welker,10,0,0
2007,3,2007_03_BUF_NE,2007-09-23,NE,NE,BUF,T.Brady,W.Welker,11,0,1
2007,3,2007_03_BUF_NE,2007-09-23,NE,NE,BUF,T.Brady,R.Moss,45,0,1
2007,3,2007_03_BUF_NE,2007-09-23,NE,NE,BUF,T.Brady,J.Gaffney,4,1,1
2007,3,2007_03_BUF_NE,2007-09-23,NE,NE,BUF,T.Brady,R.Moss,7,0,0
2007,3,2007_03_BUF_NE,2007-09-23,NE,NE,BUF,T.Brady,W.Welker,37,0,1
2007,3,2007_03_BUF_NE,2007-09-23,NE,NE,BUF,T.Brady,W.Welker,10,0,1
2007,3,2007_03_BUF_NE,2007-09-23,NE,NE,BUF,T.Brady,W.Welker,-1,0,0
2007,3,2007_03_BUF_NE,2007-09-23,NE,NE,BUF,T.Brady,K.Faulk,10,0,1
2007,3,2007_03_BUF_NE,2007-09-23,NE,NE,BUF,T.Brady,K.Faulk,9,0,0
2007,3,2007_03_BUF_NE,2007-09-23,NE,NE,BUF,T.Brady,R.Moss,45,1,1
2007,4,2007_04_NE_CIN,2007-10-01,NE,CIN,NE,T.Brady,R.Moss,6,0,0
2007,4,2007_04_NE_CIN,2007-10-01,NE,CIN,NE,T.Brady,K.Faulk,23,0,1
2007,4,2007_04_NE_CIN,2007-10-01,NE,CIN,NE,T.Brady,R.Moss,17,0,1
2007,4,2007_04_NE_CIN,2007-10-01,NE,CIN,NE,T.Brady,W.Welker,11,0,1
2007,4,2007_04_NE_CIN,2007-10-01,NE,CIN,NE,T.Brady,W.Welker,2,0,0
2007,4,2007_04_NE_CIN,2007-10-01,NE,CIN,NE,T.Brady,B.Watson,5,0,0
2007,4,2007_04_NE_CIN,2007-10-01,NE,CIN,NE,T.Brady,K.Faulk,8,0,0
2007,4,2007_04_NE_CIN,2007-10-01,NE,CIN,NE,T.Brady,D.Stallworth,14,0,1
2007,4,2007_04_NE_CIN,2007-10-01,NE,CIN,NE,T.Brady,M.Vrabel,1,1,1
2007,4,2007_04_NE_CIN,2007-10-01,NE,CIN,NE,T.Brady,S.Morris,-3,0,0
2007,4,2007_04_NE_CIN,2007-10-01,NE,CIN,NE,T.Brady,W.Welker,9,0,1
2007,4,2007_04_NE_CIN,2007-10-01,NE,CIN,NE,T.Brady,D.Stallworth,5,0,0
2007,4,2007_04_NE_CIN,2007-10-01,NE,CIN,NE,T.Brady,R.Moss,7,1,1
2007,4,2007_04_NE_CIN,2007-10-01,NE,CIN,NE,T.Brady,K.Faulk,8,0,0
2007,4,2007_04_NE_CIN,2007-10-01,NE,CIN,NE,T.Brady,R.Moss,16,0,1
2007,4,2007_04_NE_CIN,2007-10-01,NE,CIN,NE,T.Brady,B.Watson,7,0,0
2007,4,2007_04_NE_CIN,2007-10-01,NE,CIN,NE,T.Brady,R.Moss,6,0,1
2007,4,2007_04_NE_CIN,2007-10-01,NE,CIN,NE,T.Brady,R.Moss,8,0,0
2007,4,2007_04_NE_CIN,2007-10-01,NE,CIN,NE,T.Brady,R.Moss,8,0,0
2007,4,2007_04_NE_CIN,2007-10-01,NE,CIN,NE,T.Brady,R.Moss,20,0,1
2007,4,2007_04_NE_CIN,2007-10-01,NE,CIN,NE,T.Brady,S.Morris,18,0,1
2007,4,2007_04_NE_CIN,2007-10-01,NE,CIN,NE,T.Brady,L.Mankins,-9,0,0
2007,4,2007_04_NE_CIN,2007-10-01,NE,CIN,NE,T.Brady,D.Stallworth,23,0,1
2007,4,2007_04_NE_CIN,2007-10-01,NE,CIN,NE,T.Brady,D.Stallworth,7,0,0
2007,4,2007_04_NE_CIN,2007-10-01,NE,CIN,NE,T.Brady,R.Moss,14,1,1
2007,5,2007_05_CLE_NE,2007-10-07,NE,NE,CLE,T.Brady,K.Brady,7,0,0
2007,5,2007_05_CLE_NE,2007-10-07,NE,NE,CLE,T.Brady,R.Moss,16,0,1
2007,5,2007_05_CLE_NE,2007-10-07,NE,NE,CLE,T.Brady,W.Welker,7,0,0
2007,5,2007_05_CLE_NE,2007-10-07,NE,NE,CLE,T.Brady,R.Moss,20,0,1
2007,5,2007_05_CLE_NE,2007-10-07,NE,NE,CLE,T.Brady,D.Stallworth,7,0,1
2007,5,2007_05_CLE_NE,2007-10-07,NE,NE,CLE,T.Brady,D.Stallworth,34,1,1
2007,5,2007_05_CLE_NE,2007-10-07,NE,NE,CLE,T.Brady,K.Faulk,7,0,1
2007,5,2007_05_CLE_NE,2007-10-07,NE,NE,CLE,T.Brady,W.Welker,7,0,0
2007,5,2007_05_CLE_NE,2007-10-07,NE,NE,CLE,T.Brady,D.Stallworth,17,0,1
2007,5,2007_05_CLE_NE,2007-10-07,NE,NE,CLE,T.Brady,W.Welker,3,0,0
2007,5,2007_05_CLE_NE,2007-10-07,NE,NE,CLE,T.Brady,D.Stallworth,7,0,0
2007,5,2007_05_CLE_NE,2007-10-07,NE,NE,CLE,T.Brady,B.Watson,11,0,1
2007,5,2007_05_CLE_NE,2007-10-07,NE,NE,CLE,T.Brady,B.Watson,7,1,1
2007,5,2007_05_CLE_NE,2007-10-07,NE,NE,CLE,T.Brady,B.Watson,22,0,1
2007,5,2007_05_CLE_NE,2007-10-07,NE,NE,CLE,T.Brady,S.Morris,4,0,0
2007,5,2007_05_CLE_NE,2007-10-07,NE,NE,CLE,T.Brady,B.Watson,7,0,0
2007,5,2007_05_CLE_NE,2007-10-07,NE,NE,CLE,T.Brady,S.Morris,5,0,0
2007,5,2007_05_CLE_NE,2007-10-07,NE,NE,CLE,T.Brady,J.Gaffney,5,0,0
2007,5,2007_05_CLE_NE,2007-10-07,NE,NE,CLE,T.Brady,R.Moss,10,0,1
2007,5,2007_05_CLE_NE,2007-10-07,NE,NE,CLE,T.Brady,W.Welker,2,0,0
2007,5,2007_05_CLE_NE,2007-10-07,NE,NE,CLE,T.Brady,B.Watson,25,1,1
2007,5,2007_05_CLE_NE,2007-10-07,NE,NE,CLE,T.Brady,B.Watson,35,0,1
2007,6,2007_06_NE_DAL,2007-10-14,NE,DAL,NE,T.Brady,W.Welker,16,0,1
2007,6,2007_06_NE_DAL,2007-10-14,NE,DAL,NE,T.Brady,D.Stallworth,7,0,0
2007,6,2007_06_NE_DAL,2007-10-14,NE,DAL,NE,T.Brady,D.Stallworth,11,0,1
2007,6,2007_06_NE_DAL,2007-10-14,NE,DAL,NE,T.Brady,D.Stallworth,7,0,0
2007,6,2007_06_NE_DAL,2007-10-14,NE,DAL,NE,T.Brady,K.Faulk,4,0,1
2007,6,2007_06_NE_DAL,2007-10-14,NE,DAL,NE,T.Brady,W.Welker,20,0,1
2007,6,2007_06_NE_DAL,2007-10-14,NE,DAL,NE,T.Brady,R.Moss,6,1,1
2007,6,2007_06_NE_DAL,2007-10-14,NE,DAL,NE,T.Brady,W.Welker,6,0,0
2007,6,2007_06_NE_DAL,2007-10-14,NE,DAL,NE,T.Brady,B.Watson,28,0,1
2007,6,2007_06_NE_DAL,2007-10-14,NE,DAL,NE,T.Brady,W.Welker,35,1,1
2007,6,2007_06_NE_DAL,2007-10-14,NE,DAL,NE,T.Brady,J.Gaffney,6,0,0
2007,6,2007_06_NE_DAL,2007-10-14,NE,DAL,NE,T.Brady,D.Stallworth,17,0,0
2007,6,2007_06_NE_DAL,2007-10-14,NE,DAL,NE,T.Brady,D.Stallworth,15,0,1
2007,6,2007_06_NE_DAL,2007-10-14,NE,DAL,NE,T.Brady,K.Faulk,18,0,1
2007,6,2007_06_NE_DAL,2007-10-14,NE,DAL,NE,T.Brady,W.Welker,5,0,0
2007,6,2007_06_NE_DAL,2007-10-14,NE,DAL,NE,T.Brady,W.Welker,12,1,1
2007,6,2007_06_NE_DAL,2007-10-14,NE,DAL,NE,T.Brady,R.Moss,14,0,1
2007,6,2007_06_NE_DAL,2007-10-14,NE,DAL,NE,T.Brady,W.Welker,10,0,1
2007,6,2007_06_NE_DAL,2007-10-14,NE,DAL,NE,T.Brady,W.Welker,5,0,0
2007,6,2007_06_NE_DAL,2007-10-14,NE,DAL,NE,T.Brady,J.Gaffney,10,0,1
2007,6,2007_06_NE_DAL,2007-10-14,NE,DAL,NE,T.Brady,D.Stallworth,10,0,1
2007,6,2007_06_NE_DAL,2007-10-14,NE,DAL,NE,T.Brady,R.Moss,3,0,0
2007,6,2007_06_NE_DAL,2007-10-14,NE,DAL,NE,T.Brady,K.Brady,1,1,1
2007,6,2007_06_NE_DAL,2007-10-14,NE,DAL,NE,T.Brady,K.Faulk,2,0,0
2007,6,2007_06_NE_DAL,2007-10-14,NE,DAL,NE,T.Brady,D.Stallworth,69,1,1
2007,6,2007_06_NE_DAL,2007-10-14,NE,DAL,NE,T.Brady,R.Moss,8,0,0
2007,6,2007_06_NE_DAL,2007-10-14,NE,DAL,NE,T.Brady,R.Moss,14,0,1
2007,6,2007_06_NE_DAL,2007-10-14,NE,DAL,NE,T.Brady,W.Welker,6,0,1
2007,6,2007_06_NE_DAL,2007-10-14,NE,DAL,NE,T.Brady,R.Moss,14,0,0
2007,6,2007_06_NE_DAL,2007-10-14,NE,DAL,NE,T.Brady,W.Welker,-2,0,0
2007,6,2007_06_NE_DAL,2007-10-14,NE,DAL,NE,T.Brady,W.Welker,11,0,1
2007,7,2007_07_NE_MIA,2007-10-21,NE,MIA,NE,T.Brady,W.Welker,9,0,0
2007,7,2007_07_NE_MIA,2007-10-21,NE,MIA,NE,T.Brady,K.Brady,3,0,0
2007,7,2007_07_NE_MIA,2007-10-21,NE,MIA,NE,T.Brady,J.Gaffney,12,0,1
2007,7,2007_07_NE_MIA,2007-10-21,NE,MIA,NE,T.Brady,D.Stallworth,30,1,1
2007,7,2007_07_NE_MIA,2007-10-21,NE,MIA,NE,T.Brady,W.Welker,9,0,1
2007,7,2007_07_NE_MIA,2007-10-21,NE,MIA,NE,T.Brady,K.Brady,5,0,0
2007,7,2007_07_NE_MIA,2007-10-21,NE,MIA,NE,T.Brady,K.Brady,2,1,1
2007,7,2007_07_NE_MIA,2007-10-21,NE,MIA,NE,T.Brady,W.Welker,36,0,1
2007,7,2007_07_NE_MIA,2007-10-21,NE,MIA,NE,T.Brady,R.Moss,35,1,1
2007,7,2007_07_NE_MIA,2007-10-21,NE,MIA,NE,T.Brady,H.Evans,29,0,1
2007,7,2007_07_NE_MIA,2007-10-21,NE,MIA,NE,T.Brady,R.Moss,50,1,1
2007,7,2007_07_NE_MIA,2007-10-21,NE,MIA,NE,T.Brady,D.Stallworth,6,0,0
2007,7,2007_07_NE_MIA,2007-10-21,NE,MIA,NE,T.Brady,W.Welker,14,0,1
2007,7,2007_07_NE_MIA,2007-10-21,NE,MIA,NE,T.Brady,W.Welker,18,0,1
2007,7,2007_07_NE_MIA,2007-10-21,NE,MIA,NE,T.Brady,R.Moss,19,0,1
2007,7,2007_07_NE_MIA,2007-10-21,NE,MIA,NE,T.Brady,W.Welker,14,1,1
2007,7,2007_07_NE_MIA,2007-10-21,NE,MIA,NE,T.Brady,R.Moss,18,0,1
2007,7,2007_07_NE_MIA,2007-10-21,NE,MIA,NE,T.Brady,W.Welker,11,0,1
2007,7,2007_07_NE_MIA,2007-10-21,NE,MIA,NE,T.Brady,K.Faulk,7,0,0
2007,7,2007_07_NE_MIA,2007-10-21,NE,MIA,NE,T.Brady,W.Welker,11,0,1
2007,7,2007_07_NE_MIA,2007-10-21,NE,MIA,NE,T.Brady,W.Welker,16,1,1
2007,7,2007_07_NE_MIA,2007-10-21,NE,MIA,NE,M.Gutierrez,D.Stallworth,15,0,1
2007,8,2007_08_WAS_NE,2007-10-28,NE,NE,WAS,T.Brady,D.Stallworth,3,0,0
2007,8,2007_08_WAS_NE,2007-10-28,NE,NE,WAS,T.Brady,K.Faulk,6,0,1
2007,8,2007_08_WAS_NE,2007-10-28,NE,NE,WAS,T.Brady,K.Faulk,7,0,0
2007,8,2007_08_WAS_NE,2007-10-28,NE,NE,WAS,T.Brady,W.Welker,19,0,1
2007,8,2007_08_WAS_NE,2007-10-28,NE,NE,WAS,T.Brady,K.Faulk,9,0,0
2007,8,2007_08_WAS_NE,2007-10-28,NE,NE,WAS,T.Brady,W.Welker,7,0,1
2007,8,2007_08_WAS_NE,2007-10-28,NE,NE,WAS,T.Brady,W.Welker,6,0,0
2007,8,2007_08_WAS_NE,2007-10-28,NE,NE,WAS,T.Brady,W.Welker,8,0,1
2007,8,2007_08_WAS_NE,2007-10-28,NE,NE,WAS,T.Brady,K.Faulk,11,0,1
2007,8,2007_08_WAS_NE,2007-10-28,NE,NE,WAS,T.Brady,K.Faulk,3,0,0
2007,8,2007_08_WAS_NE,2007-10-28,NE,NE,WAS,T.Brady,L.Maroney,25,0,1
2007,8,2007_08_WAS_NE,2007-10-28,NE,NE,WAS,T.Brady,M.Vrabel,2,1,1
2007,8,2007_08_WAS_NE,2007-10-28,NE,NE,WAS,T.Brady,K.Brady,19,0,1
2007,8,2007_08_WAS_NE,2007-10-28,NE,NE,WAS,T.Brady,K.Faulk,9,0,0
2007,8,2007_08_WAS_NE,2007-10-28,NE,NE,WAS,T.Brady,K.Faulk,12,0,1
2007,8,2007_08_WAS_NE,2007-10-28,NE,NE,WAS,T.Brady,W.Welker,15,0,1
2007,8,2007_08_WAS_NE,2007-10-28,NE,NE,WAS,T.Brady,W.Welker,10,0,1
2007,8,2007_08_WAS_NE,2007-10-28,NE,NE,WAS,T.Brady,R.Moss,6,1,1
2007,8,2007_08_WAS_NE,2007-10-28,NE,NE,WAS,T.Brady,D.Stallworth,22,0,1
2007,8,2007_08_WAS_NE,2007-10-28,NE,NE,WAS,T.Brady,L.Maroney,12,0,1
2007,8,2007_08_WAS_NE,2007-10-28,NE,NE,WAS,T.Brady,D.Stallworth,4,0,1
2007,8,2007_08_WAS_NE,2007-10-28,NE,NE,WAS,T.Brady,W.Welker,11,0,1
2007,8,2007_08_WAS_NE,2007-10-28,NE,NE,WAS,T.Brady,J.Gaffney,7,0,0
2007,8,2007_08_WAS_NE,2007-10-28,NE,NE,WAS,T.Brady,J.Gaffney,4,0,1
2007,8,2007_08_WAS_NE,2007-10-28,NE,NE,WAS,T.Brady,R.Moss,6,0,0
2007,8,2007_08_WAS_NE,2007-10-28,NE,NE,WAS,T.Brady,W.Welker,11,0,0
2007,8,2007_08_WAS_NE,2007-10-28,NE,NE,WAS,T.Brady,D.Stallworth,15,0,1
2007,8,2007_08_WAS_NE,2007-10-28,NE,NE,WAS,T.Brady,R.Moss,35,0,1
2007,8,2007_08_WAS_NE,2007-10-28,NE,NE,WAS,T.Brady,W.Welker,2,1,1
2007,8,2007_08_WAS_NE,2007-10-28,NE,NE,WAS,M.Cassel,J.Gaffney,7,0,0
2007,8,2007_08_WAS_NE,2007-10-28,NE,NE,WAS,M.Cassel,J.Gaffney,21,0,1
2007,9,2007_09_NE_IND,2007-11-04,NE,IND,NE,T.Brady,D.Stallworth,9,0,0
2007,9,2007_09_NE_IND,2007-11-04,NE,IND,NE,T.Brady,R.Moss,14,0,1
2007,9,2007_09_NE_IND,2007-11-04,NE,IND,NE,T.Brady,B.Watson,4,0,0
2007,9,2007_09_NE_IND,2007-11-04,NE,IND,NE,T.Brady,B.Watson,6,0,1
2007,9,2007_09_NE_IND,2007-11-04,NE,IND,NE,T.Brady,R.Moss,4,1,1
2007,9,2007_09_NE_IND,2007-11-04,NE,IND,NE,T.Brady,W.Welker,12,0,1
2007,9,2007_09_NE_IND,2007-11-04,NE,IND,NE,T.Brady,R.Moss,9,0,1
2007,9,2007_09_NE_IND,2007-11-04,NE,IND,NE,T.Brady,K.Faulk,1,0,0
2007,9,2007_09_NE_IND,2007-11-04,NE,IND,NE,T.Brady,R.Moss,17,0,1
2007,9,2007_09_NE_IND,2007-11-04,NE,IND,NE,T.Brady,K.Faulk,6,0,0
2007,9,2007_09_NE_IND,2007-11-04,NE,IND,NE,T.Brady,W.Welker,3,0,0
2007,9,2007_09_NE_IND,2007-11-04,NE,IND,NE,T.Brady,R.Moss,12,0,1
2007,9,2007_09_NE_IND,2007-11-04,NE,IND,NE,T.Brady,R.Moss,14,0,1
2007,9,2007_09_NE_IND,2007-11-04,NE,IND,NE,T.Brady,R.Moss,15,0,1
2007,9,2007_09_NE_IND,2007-11-04,NE,IND,NE,T.Brady,R.Moss,55,0,1
2007,9,2007_09_NE_IND,2007-11-04,NE,IND,NE,T.Brady,W.Welker,10,0,0
2007,9,2007_09_NE_IND,2007-11-04,NE,IND,NE,T.Brady,W.Welker,3,1,1
2007,9,2007_09_NE_IND,2007-11-04,NE,IND,NE,T.Brady,R.Moss,5,0,0
2007,9,2007_09_NE_IND,2007-11-04,NE,IND,NE,T.Brady,D.Stallworth,33,0,1
2007,9,2007_09_NE_IND,2007-11-04,NE,IND,NE,T.Brady,K.Faulk,13,1,1
2007,9,2007_09_NE_IND,2007-11-04,NE,IND,NE,T.Brady,W.Welker,10,0,1
2007,11,2007_11_NE_BUF,2007-11-18,NE,BUF,NE,T.Brady,J.Gaffney,7,0,0
2007,11,2007_11_NE_BUF,2007-11-18,NE,BUF,NE,T.Brady,W.Welker,7,0,0
2007,11,2007_11_NE_BUF,2007-11-18,NE,BUF,NE,T.Brady,B.Watson,15,0,1
2007,11,2007_11_NE_BUF,2007-11-18,NE,BUF,NE,T.Brady,R.Moss,43,1,1
2007,11,2007_11_NE_BUF,2007-11-18,NE,BUF,NE,T.Brady,D.Stallworth,14,0,0
2007,11,2007_11_NE_BUF,2007-11-18,NE,BUF,NE,T.Brady,J.Gaffney,31,0,1
2007,11,2007_11_NE_BUF,2007-11-18,NE,BUF,NE,T.Brady,R.Moss,9,0,1
2007,11,2007_11_NE_BUF,2007-11-18,NE,BUF,NE,T.Brady,R.Moss,16,1,1
2007,11,2007_11_NE_BUF,2007-11-18,NE,BUF,NE,T.Brady,B.Watson,25,0,1
2007,11,2007_11_NE_BUF,2007-11-18,NE,BUF,NE,T.Brady,W.Welker,15,0,1
2007,11,2007_11_NE_BUF,2007-11-18,NE,BUF,NE,T.Brady,K.Faulk,8,0,0
2007,11,2007_11_NE_BUF,2007-11-18,NE,BUF,NE,T.Brady,D.Stallworth,11,0,1
2007,11,2007_11_NE_BUF,2007-11-18,NE,BUF,NE,T.Brady,K.Faulk,10,0,1
2007,11,2007_11_NE_BUF,2007-11-18,NE,BUF,NE,T.Brady,R.Moss,6,1,1
2007,11,2007_11_NE_BUF,2007-11-18,NE,BUF,NE,T.Brady,W.Welker,9,0,0
2007,11,2007_11_NE_BUF,2007-11-18,NE,BUF,NE,T.Brady,R.Moss,5,0,1
2007,11,2007_11_NE_BUF,2007-11-18,NE,BUF,NE,T.Brady,W.Welker,7,0,0
2007,11,2007_11_NE_BUF,2007-11-18,NE,BUF,NE,T.Brady,R.Moss,12,0,1
2007,11,2007_11_NE_BUF,2007-11-18,NE,BUF,NE,T.Brady,W.Welker,11,0,1
2007,11,2007_11_NE_BUF,2007-11-18,NE,BUF,NE,T.Brady,W.Welker,5,0,0
2007,11,2007_11_NE_BUF,2007-11-18,NE,BUF,NE,T.Brady,R.Moss,4,0,0
2007,11,2007_11_NE_BUF,2007-11-18,NE,BUF,NE,T.Brady,R.Moss,17,1,1
2007,11,2007_11_NE_BUF,2007-11-18,NE,BUF,NE,T.Brady,D.Stallworth,6,0,0
2007,11,2007_11_NE_BUF,2007-11-18,NE,BUF,NE,T.Brady,D.Stallworth,20,0,1
2007,11,2007_11_NE_BUF,2007-11-18,NE,BUF,NE,T.Brady,J.Gaffney,6,0,1
2007,11,2007_11_NE_BUF,2007-11-18,NE,BUF,NE,T.Brady,H.Evans,6,0,0
2007,11,2007_11_NE_BUF,2007-11-18,NE,BUF,NE,T.Brady,B.Watson,3,1,1
2007,11,2007_11_NE_BUF,2007-11-18,NE,BUF,NE,T.Brady,R.Moss,13,0,1
2007,11,2007_11_NE_BUF,2007-11-18,NE,BUF,NE,T.Brady,D.Stallworth,5,0,0
2007,11,2007_11_NE_BUF,2007-11-18,NE,BUF,NE,T.Brady,W.Welker,24,0,1
2007,11,2007_11_NE_BUF,2007-11-18,NE,BUF,NE,T.Brady,R.Moss,3,0,1
2007,11,2007_11_NE_BUF,2007-11-18,NE,BUF,NE,M.Cassel,H.Evans,4,0,1
2007,11,2007_11_NE_BUF,2007-11-18,NE,BUF,NE,M.Cassel,K.Eckel,6,0,0
2007,12,2007_12_PHI_NE,2007-11-25,NE,NE,PHI,T.Brady,D.Stallworth,8,0,0
2007,12,2007_12_PHI_NE,2007-11-25,NE,NE,PHI,T.Brady,J.Gaffney,7,0,1
2007,12,2007_12_PHI_NE,2007-11-25,NE,NE,PHI,T.Brady,R.Moss,7,0,0
2007,12,2007_12_PHI_NE,2007-11-25,NE,NE,PHI,T.Brady,J.Gaffney,32,0,1
2007,12,2007_12_PHI_NE,2007-11-25,NE,NE,PHI,T.Brady,W.Welker,9,0,0
2007,12,2007_12_PHI_NE,2007-11-25,NE,NE,PHI,T.Brady,K.Faulk,9,0,1
2007,12,2007_12_PHI_NE,2007-11-25,NE,NE,PHI,T.Brady,R.Moss,7,0,0
2007,12,2007_12_PHI_NE,2007-11-25,NE,NE,PHI,T.Brady,R.Moss,10,0,1
2007,12,2007_12_PHI_NE,2007-11-25,NE,NE,PHI,T.Brady,J.Gaffney,6,0,0
2007,12,2007_12_PHI_NE,2007-11-25,NE,NE,PHI,T.Brady,R.Moss,11,0,1
2007,12,2007_12_PHI_NE,2007-11-25,NE,NE,PHI,T.Brady,J.Gaffney,7,0,0
2007,12,2007_12_PHI_NE,2007-11-25,NE,NE,PHI,T.Brady,D.Stallworth,31,0,1
2007,12,2007_12_PHI_NE,2007-11-25,NE,NE,PHI,T.Brady,W.Welker,6,0,0
2007,12,2007_12_PHI_NE,2007-11-25,NE,NE,PHI,T.Brady,K.Faulk,9,0,0
2007,12,2007_12_PHI_NE,2007-11-25,NE,NE,PHI,T.Brady,W.Welker,6,0,1
2007,12,2007_12_PHI_NE,2007-11-25,NE,NE,PHI,T.Brady,W.Welker,7,0,0
2007,12,2007_12_PHI_NE,2007-11-25,NE,NE,PHI,T.Brady,R.Moss,8,0,0
2007,12,2007_12_PHI_NE,2007-11-25,NE,NE,PHI,T.Brady,B.Watson,5,0,1
2007,12,2007_12_PHI_NE,2007-11-25,NE,NE,PHI,T.Brady,J.Gaffney,19,1,1
2007,12,2007_12_PHI_NE,2007-11-25,NE,NE,PHI,T.Brady,W.Welker,7,0,0
2007,12,2007_12_PHI_NE,2007-11-25,NE,NE,PHI,T.Brady,W.Welker,11,0,1
2007,12,2007_12_PHI_NE,2007-11-25,NE,NE,PHI,T.Brady,W.Welker,42,0,1
2007,12,2007_12_PHI_NE,2007-11-25,NE,NE,PHI,T.Brady,W.Welker,7,0,0
2007,12,2007_12_PHI_NE,2007-11-25,NE,NE,PHI,T.Brady,W.Welker,12,0,1
2007,12,2007_12_PHI_NE,2007-11-25,NE,NE,PHI,T.Brady,B.Watson,6,0,0
2007,12,2007_12_PHI_NE,2007-11-25,NE,NE,PHI,T.Brady,D.Stallworth,13,0,1
2007,12,2007_12_PHI_NE,2007-11-25,NE,NE,PHI,T.Brady,K.Faulk,12,0,1
2007,12,2007_12_PHI_NE,2007-11-25,NE,NE,PHI,T.Brady,W.Welker,13,0,1
2007,12,2007_12_PHI_NE,2007-11-25,NE,NE,PHI,T.Brady,D.Stallworth,2,0,0
2007,12,2007_12_PHI_NE,2007-11-25,NE,NE,PHI,T.Brady,W.Welker,16,0,1
2007,12,2007_12_PHI_NE,2007-11-25,NE,NE,PHI,T.Brady,W.Welker,10,0,1
2007,12,2007_12_PHI_NE,2007-11-25,NE,NE,PHI,T.Brady,W.Welker,3,0,0
2007,12,2007_12_PHI_NE,2007-11-25,NE,NE,PHI,T.Brady,B.Watson,6,0,0
2007,12,2007_12_PHI_NE,2007-11-25,NE,NE,PHI,T.Brady,J.Gaffney,16,0,1
2007,13,2007_13_NE_BAL,2007-12-03,NE,BAL,NE,T.Brady,W.Welker,5,0,0
2007,13,2007_13_NE_BAL,2007-12-03,NE,BAL,NE,T.Brady,W.Welker,7,0,1
2007,13,2007_13_NE_BAL,2007-12-03,NE,BAL,NE,T.Brady,D.Stallworth,42,0,1
2007,13,2007_13_NE_BAL,2007-12-03,NE,BAL,NE,T.Brady,D.Stallworth,18,0,1
2007,13,2007_13_NE_BAL,2007-12-03,NE,BAL,NE,T.Brady,D.Stallworth,8,0,0
2007,13,2007_13_NE_BAL,2007-12-03,NE,BAL,NE,T.Brady,W.Welker,6,0,0
2007,13,2007_13_NE_BAL,2007-12-03,NE,BAL,NE,T.Brady,R.Moss,6,0,0
2007,13,2007_13_NE_BAL,2007-12-03,NE,BAL,NE,T.Brady,B.Watson,3,0,0
2007,13,2007_13_NE_BAL,2007-12-03,NE,BAL,NE,T.Brady,L.Maroney,36,0,1
2007,13,2007_13_NE_BAL,2007-12-03,NE,BAL,NE,T.Brady,K.Brady,6,0,0
2007,13,2007_13_NE_BAL,2007-12-03,NE,BAL,NE,T.Brady,R.Moss,6,0,0
2007,13,2007_13_NE_BAL,2007-12-03,NE,BAL,NE,T.Brady,R.Moss,3,1,1
2007,13,2007_13_NE_BAL,2007-12-03,NE,BAL,NE,T.Brady,L.Maroney,43,0,1
2007,13,2007_13_NE_BAL,2007-12-03,NE,BAL,NE,T.Brady,R.Moss,19,0,1
2007,13,2007_13_NE_BAL,2007-12-03,NE,BAL,NE,T.Brady,B.Watson,23,0,1
2007,13,2007_13_NE_BAL,2007-12-03,NE,BAL,NE,T.Brady,K.Faulk,9,0,0
2007,13,2007_13_NE_BAL,2007-12-03,NE,BAL,NE,T.Brady,K.Faulk,9,0,0
2007,13,2007_13_NE_BAL,2007-12-03,NE,BAL,NE,T.Brady,J.Gaffney,8,1,1
2007,14,2007_14_PIT_NE,2007-12-09,NE,NE,PIT,T.Brady,K.Faulk,4,0,0
2007,14,2007_14_PIT_NE,2007-12-09,NE,NE,PIT,T.Brady,K.Faulk,6,0,0
2007,14,2007_14_PIT_NE,2007-12-09,NE,NE,PIT,T.Brady,R.Moss,16,0,1
2007,14,2007_14_PIT_NE,2007-12-09,NE,NE,PIT,T.Brady,J.Gaffney,9,0,0
2007,14,2007_14_PIT_NE,2007-12-09,NE,NE,PIT,T.Brady,R.Moss,4,1,1
2007,14,2007_14_PIT_NE,2007-12-09,NE,NE,PIT,T.Brady,R.Moss,63,1,1
2007,14,2007_14_PIT_NE,2007-12-09,NE,NE,PIT,T.Brady,B.Watson,6,0,0
2007,14,2007_14_PIT_NE,2007-12-09,NE,NE,PIT,T.Brady,B.Watson,4,0,0
2007,14,2007_14_PIT_NE,2007-12-09,NE,NE,PIT,T.Brady,B.Watson,15,0,1
2007,14,2007_14_PIT_NE,2007-12-09,NE,NE,PIT,T.Brady,R.Moss,13,0,1
2007,14,2007_14_PIT_NE,2007-12-09,NE,NE,PIT,T.Brady,J.Gaffney,32,0,1
2007,14,2007_14_PIT_NE,2007-12-09,NE,NE,PIT,T.Brady,W.Welker,4,0,0
2007,14,2007_14_PIT_NE,2007-12-09,NE,NE,PIT,T.Brady,R.Moss,22,0,1
2007,14,2007_14_PIT_NE,2007-12-09,NE,NE,PIT,T.Brady,D.Stallworth,9,0,0
2007,14,2007_14_PIT_NE,2007-12-09,NE,NE,PIT,T.Brady,K.Brady,7,0,1
2007,14,2007_14_PIT_NE,2007-12-09,NE,NE,PIT,T.Brady,J.Gaffney,56,1,1
2007,14,2007_14_PIT_NE,2007-12-09,NE,NE,PIT,T.Brady,B.Watson,8,0,0
2007,14,2007_14_PIT_NE,2007-12-09,NE,NE,PIT,T.Brady,R.Moss,5,0,1
2007,14,2007_14_PIT_NE,2007-12-09,NE,NE,PIT,T.Brady,J.Gaffney,13,0,1
2007,14,2007_14_PIT_NE,2007-12-09,NE,NE,PIT,T.Brady,W.Welker,5,0,0
2007,14,2007_14_PIT_NE,2007-12-09,NE,NE,PIT,T.Brady,W.Welker,4,0,1
2007,14,2007_14_PIT_NE,2007-12-09,NE,NE,PIT,T.Brady,J.Gaffney,3,0,0
2007,14,2007_14_PIT_NE,2007-12-09,NE,NE,PIT,T.Brady,W.Welker,2,1,1
2007,14,2007_14_PIT_NE,2007-12-09,NE,NE,PIT,T.Brady,W.Welker,22,0,1
2007,14,2007_14_PIT_NE,2007-12-09,NE,NE,PIT,T.Brady,W.Welker,11,0,1
2007,14,2007_14_PIT_NE,2007-12-09,NE,NE,PIT,T.Brady,W.Welker,7,0,0
2007,14,2007_14_PIT_NE,2007-12-09,NE,NE,PIT,T.Brady,W.Welker,15,0,1
2007,14,2007_14_PIT_NE,2007-12-09,NE,NE,PIT,T.Brady,W.Welker,8,0,0
2007,14,2007_14_PIT_NE,2007-12-09,NE,NE,PIT,T.Brady,K.Faulk,5,0,1
2007,14,2007_14_PIT_NE,2007-12-09,NE,NE,PIT,T.Brady,J.Gaffney,6,0,0
2007,14,2007_14_PIT_NE,2007-12-09,NE,NE,PIT,T.Brady,J.Gaffney,3,0,0
2007,14,2007_14_PIT_NE,2007-12-09,NE,NE,PIT,T.Brady,R.Moss,12,0,1
2007,15,2007_15_NYJ_NE,2007-12-16,NE,NE,NYJ,T.Brady,R.Moss,5,0,0
2007,15,2007_15_NYJ_NE,2007-12-16,NE,NE,NYJ,T.Brady,W.Welker,5,0,1
2007,15,2007_15_NYJ_NE,2007-12-16,NE,NE,NYJ,T.Brady,R.Moss,12,0,1
2007,15,2007_15_NYJ_NE,2007-12-16,NE,NE,NYJ,T.Brady,K.Faulk,8,0,1
2007,15,2007_15_NYJ_NE,2007-12-16,NE,NE,NYJ,T.Brady,R.Moss,11,0,1
2007,15,2007_15_NYJ_NE,2007-12-16,NE,NE,NYJ,T.Brady,R.Moss,5,0,0
2007,15,2007_15_NYJ_NE,2007-12-16,NE,NE,NYJ,T.Brady,K.Faulk,5,0,0
2007,15,2007_15_NYJ_NE,2007-12-16,NE,NE,NYJ,T.Brady,J.Gaffney,4,0,0
2007,15,2007_15_NYJ_NE,2007-12-16,NE,NE,NYJ,T.Brady,W.Welker,9,0,1
2007,15,2007_15_NYJ_NE,2007-12-16,NE,NE,NYJ,T.Brady,J.Gaffney,4,0,0
2007,15,2007_15_NYJ_NE,2007-12-16,NE,NE,NYJ,T.Brady,K.Faulk,6,0,1
2007,15,2007_15_NYJ_NE,2007-12-16,NE,NE,NYJ,T.Brady,W.Welker,16,0,1
2007,15,2007_15_NYJ_NE,2007-12-16,NE,NE,NYJ,T.Brady,R.Moss,46,0,1
2007,15,2007_15_NYJ_NE,2007-12-16,NE,NE,NYJ,T.Brady,H.Evans,4,0,0
2007,16,2007_16_MIA_NE,2007-12-23,NE,NE,MIA,T.Brady,W.Welker,7,0,0
2007,16,2007_16_MIA_NE,2007-12-23,NE,NE,MIA,T.Brady,K.Faulk,9,0,1
2007,16,2007_16_MIA_NE,2007-12-23,NE,NE,MIA,T.Brady,D.Stallworth,9,0,0
2007,16,2007_16_MIA_NE,2007-12-23,NE,NE,MIA,T.Brady,D.Stallworth,16,0,1
2007,16,2007_16_MIA_NE,2007-12-23,NE,NE,MIA,T.Brady,J.Gaffney,5,0,0
2007,16,2007_16_MIA_NE,2007-12-23,NE,NE,MIA,T.Brady,J.Gaffney,6,0,1
2007,16,2007_16_MIA_NE,2007-12-23,NE,NE,MIA,T.Brady,R.Moss,11,1,1
2007,16,2007_16_MIA_NE,2007-12-23,NE,NE,MIA,T.Brady,W.Welker,9,0,0
2007,16,2007_16_MIA_NE,2007-12-23,NE,NE,MIA,T.Brady,J.Gaffney,9,0,1
2007,16,2007_16_MIA_NE,2007-12-23,NE,NE,MIA,T.Brady,R.Moss,1,1,1
2007,16,2007_16_MIA_NE,2007-12-23,NE,NE,MIA,T.Brady,W.Welker,8,0,0
2007,16,2007_16_MIA_NE,2007-12-23,NE,NE,MIA,T.Brady,R.Moss,11,0,1
2007,16,2007_16_MIA_NE,2007-12-23,NE,NE,MIA,T.Brady,J.Gaffney,14,0,1
2007,16,2007_16_MIA_NE,2007-12-23,NE,NE,MIA,T.Brady,J.Gaffney,48,1,1
2007,16,2007_16_MIA_NE,2007-12-23,NE,NE,MIA,T.Brady,W.Welker,5,0,0
2007,16,2007_16_MIA_NE,2007-12-23,NE,NE,MIA,T.Brady,W.Welker,20,0,1
2007,16,2007_16_MIA_NE,2007-12-23,NE,NE,MIA,T.Brady,R.Moss,11,0,1
2007,16,2007_16_MIA_NE,2007-12-23,NE,NE,MIA,T.Brady,R.Moss,16,0,1
2007,17,2007_17_NE_NYG,2007-12-29,NE,NYG,NE,T.Brady,R.Moss,14,0,1
2007,17,2007_17_NE_NYG,2007-12-29,NE,NYG,NE,T.Brady,W.Welker,14,0,1
2007,17,2007_17_NE_NYG,2007-12-29,NE,NYG,NE,T.Brady,K.Faulk,8,0,0
2007,17,2007_17_NE_NYG,2007-12-29,NE,NYG,NE,T.Brady,R.Moss,5,0,1
2007,17,2007_17_NE_NYG,2007-12-29,NE,NYG,NE,T.Brady,W.Welker,11,0,1
2007,17,2007_17_NE_NYG,2007-12-29,NE,NYG,NE,T.Brady,D.Stallworth,13,0,1
2007,17,2007_17_NE_NYG,2007-12-29,NE,NYG,NE,T.Brady,W.Welker,19,0,1
2007,17,2007_17_NE_NYG,2007-12-29,NE,NYG,NE,T.Brady,K.Faulk,11,0,1
2007,17,2007_17_NE_NYG,2007-12-29,NE,NYG,NE,T.Brady,R.Moss,4,1,1
2007,17,2007_17_NE_NYG,2007-12-29,NE,NYG,NE,T.Brady,K.Faulk,8,0,0
2007,17,2007_17_NE_NYG,2007-12-29,NE,NYG,NE,T.Brady,W.Welker,13,0,1
2007,17,2007_17_NE_NYG,2007-12-29,NE,NYG,NE,T.Brady,W.Welker,-1,0,0
2007,17,2007_17_NE_NYG,2007-12-29,NE,NYG,NE,T.Brady,K.Faulk,4,0,0
2007,17,2007_17_NE_NYG,2007-12-29,NE,NYG,NE,T.Brady,R.Moss,7,0,0
2007,17,2007_17_NE_NYG,2007-12-29,NE,NYG,NE,T.Brady,W.Welker,5,0,0
2007,17,2007_17_NE_NYG,2007-12-29,NE,NYG,NE,T.Brady,B.Watson,21,0,1
2007,17,2007_17_NE_NYG,2007-12-29,NE,NYG,NE,T.Brady,D.Stallworth,2,0,0
2007,17,2007_17_NE_NYG,2007-12-29,NE,NYG,NE,T.Brady,B.Watson,3,0,0
2007,17,2007_17_NE_NYG,2007-12-29,NE,NYG,NE,T.Brady,K.Faulk,4,0,0
2007,17,2007_17_NE_NYG,2007-12-29,NE,NYG,NE,T.Brady,B.Watson,15,0,1
2007,17,2007_17_NE_NYG,2007-12-29,NE,NYG,NE,T.Brady,W.Welker,28,0,1
2007,17,2007_17_NE_NYG,2007-12-29,NE,NYG,NE,T.Brady,W.Welker,4,0,0
2007,17,2007_17_NE_NYG,2007-12-29,NE,NYG,NE,T.Brady,W.Welker,8,0,1
2007,17,2007_17_NE_NYG,2007-12-29,NE,NYG,NE,T.Brady,K.Faulk,6,0,0
2007,17,2007_17_NE_NYG,2007-12-29,NE,NYG,NE,T.Brady,K.Faulk,10,0,1
2007,17,2007_17_NE_NYG,2007-12-29,NE,NYG,NE,T.Brady,B.Watson,-1,0,0
2007,17,2007_17_NE_NYG,2007-12-29,NE,NYG,NE,T.Brady,R.Moss,65,1,1
2007,17,2007_17_NE_NYG,2007-12-29,NE,NYG,NE,T.Brady,D.Stallworth,17,0,1
2007,17,2007_17_NE_NYG,2007-12-29,NE,NYG,NE,T.Brady,W.Welker,9,0,0
2007,17,2007_17_NE_NYG,2007-12-29,NE,NYG,NE,T.Brady,K.Faulk,13,0,1
2007,17,2007_17_NE_NYG,2007-12-29,NE,NYG,NE,T.Brady,W.Welker,12,0,1
2007,17,2007_17_NE_NYG,2007-12-29,NE,NYG,NE,T.Brady,R.Moss,5,0,0
2008,1,2008_01_KC_NE,2008-09-07,NE,NE,KC,T.Brady,D.Thomas,6,0,0
2008,1,2008_01_KC_NE,2008-09-07,NE,NE,KC,T.Brady,W.Welker,10,0,1
2008,1,2008_01_KC_NE,2008-09-07,NE,NE,KC,T.Brady,R.Moss,7,0,0
2008,1,2008_01_KC_NE,2008-09-07,NE,NE,KC,T.Brady,W.Welker,12,0,1
2008,1,2008_01_KC_NE,2008-09-07,NE,NE,KC,T.Brady,W.Welker,-2,0,0
2008,1,2008_01_KC_NE,2008-09-07,NE,NE,KC,T.Brady,R.Moss,17,0,1
2008,1,2008_01_KC_NE,2008-09-07,NE,NE,KC,T.Brady,R.Moss,26,0,0
2008,1,2008_01_KC_NE,2008-09-07,NE,NE,KC,M.Cassel,R.Moss,51,0,1
2008,1,2008_01_KC_NE,2008-09-07,NE,NE,KC,M.Cassel,K.Washington,3,0,1
2008,1,2008_01_KC_NE,2008-09-07,NE,NE,KC,M.Cassel,S.Morris,2,0,0
2008,1,2008_01_KC_NE,2008-09-07,NE,NE,KC,M.Cassel,S.Morris,7,0,0
2008,1,2008_01_KC_NE,2008-09-07,NE,NE,KC,M.Cassel,R.Moss,10,1,1
2008,1,2008_01_KC_NE,2008-09-07,NE,NE,KC,M.Cassel,S.Morris,11,0,0
2008,1,2008_01_KC_NE,2008-09-07,NE,NE,KC,M.Cassel,R.Moss,5,0,0
2008,1,2008_01_KC_NE,2008-09-07,NE,NE,KC,M.Cassel,D.Thomas,18,0,1
2008,1,2008_01_KC_NE,2008-09-07,NE,NE,KC,M.Cassel,W.Welker,13,0,1
2008,1,2008_01_KC_NE,2008-09-07,NE,NE,KC,M.Cassel,S.Morris,3,0,0
2008,1,2008_01_KC_NE,2008-09-07,NE,NE,KC,M.Cassel,W.Welker,6,0,0
2008,1,2008_01_KC_NE,2008-09-07,NE,NE,KC,M.Cassel,W.Welker,12,0,1
2008,1,2008_01_KC_NE,2008-09-07,NE,NE,KC,M.Cassel,S.Morris,11,0,0
2008,2,2008_02_NE_NYJ,2008-09-14,NE,NYJ,NE,M.Cassel,K.Faulk,14,0,1
2008,2,2008_02_NE_NYJ,2008-09-14,NE,NYJ,NE,M.Cassel,W.Welker,18,0,1
2008,2,2008_02_NE_NYJ,2008-09-14,NE,NYJ,NE,M.Cassel,S.Morris,3,0,1
2008,2,2008_02_NE_NYJ,2008-09-14,NE,NYJ,NE,M.Cassel,W.Welker,26,0,1
2008,2,2008_02_NE_NYJ,2008-09-14,NE,NYJ,NE,M.Cassel,W.Welker,9,0,0
2008,2,2008_02_NE_NYJ,2008-09-14,NE,NYJ,NE,M.Cassel,W.Welker,4,0,0
2008,2,2008_02_NE_NYJ,2008-09-14,NE,NYJ,NE,M.Cassel,K.Faulk,9,0,1
2008,2,2008_02_NE_NYJ,2008-09-14,NE,NYJ,NE,M.Cassel,K.Faulk,5,0,0
2008,2,2008_02_NE_NYJ,2008-09-14,NE,NYJ,NE,M.Cassel,R.Moss,8,0,0
2008,2,2008_02_NE_NYJ,2008-09-14,NE,NYJ,NE,M.Cassel,K.Faulk,22,0,1
2008,2,2008_02_NE_NYJ,2008-09-14,NE,NYJ,NE,M.Cassel,W.Welker,7,0,0
2008,2,2008_02_NE_NYJ,2008-09-14,NE,NYJ,NE,M.Cassel,R.Moss,14,0,1
2008,2,2008_02_NE_NYJ,2008-09-14,NE,NYJ,NE,M.Cassel,D.Thomas,14,0,1
2008,2,2008_02_NE_NYJ,2008-09-14,NE,NYJ,NE,M.Cassel,S.Morris,4,0,1
2008,2,2008_02_NE_NYJ,2008-09-14,NE,NYJ,NE,M.Cassel,W.Welker,3,0,0
2008,2,2008_02_NE_NYJ,2008-09-14,NE,NYJ,NE,M.Cassel,W.Welker,5,0,1
2008,3,2008_03_MIA_NE,2008-09-21,NE,NE,MIA,M.Cassel,J.Gaffney,6,0,0
2008,3,2008_03_MIA_NE,2008-09-21,NE,NE,MIA,M.Cassel,R.Moss,6,0,0
2008,3,2008_03_MIA_NE,2008-09-21,NE,NE,MIA,M.Cassel,R.Moss,6,0,1
2008,3,2008_03_MIA_NE,2008-09-21,NE,NE,MIA,M.Cassel,W.Welker,13,0,1
2008,3,2008_03_MIA_NE,2008-09-21,NE,NE,MIA,M.Cassel,B.Watson,6,0,0
2008,3,2008_03_MIA_NE,2008-09-21,NE,NE,MIA,M.Cassel,W.Welker,5,0,0
2008,3,2008_03_MIA_NE,2008-09-21,NE,NE,MIA,M.Cassel,S.Morris,0,0,0
2008,3,2008_03_MIA_NE,2008-09-21,NE,NE,MIA,M.Cassel,W.Welker,9,0,0
2008,3,2008_03_MIA_NE,2008-09-21,NE,NE,MIA,M.Cassel,J.Gaffney,12,0,1
2008,3,2008_03_MIA_NE,2008-09-21,NE,NE,MIA,M.Cassel,W.Welker,-2,0,0
2008,3,2008_03_MIA_NE,2008-09-21,NE,NE,MIA,M.Cassel,R.Moss,6,0,0
2008,3,2008_03_MIA_NE,2008-09-21,NE,NE,MIA,M.Cassel,K.Faulk,2,0,0
2008,3,2008_03_MIA_NE,2008-09-21,NE,NE,MIA,M.Cassel,S.Aiken,9,0,1
2008,3,2008_03_MIA_NE,2008-09-21,NE,NE,MIA,M.Cassel,W.Welker,21,0,1
2008,3,2008_03_MIA_NE,2008-09-21,NE,NE,MIA,M.Cassel,K.Faulk,4,0,0
2008,3,2008_03_MIA_NE,2008-09-21,NE,NE,MIA,M.Cassel,W.Welker,9,0,0
2008,3,2008_03_MIA_NE,2008-09-21,NE,NE,MIA,M.Cassel,R.Moss,7,0,0
2008,3,2008_03_MIA_NE,2008-09-21,NE,NE,MIA,M.Cassel,J.Gaffney,5,1,1
2008,3,2008_03_MIA_NE,2008-09-21,NE,NE,MIA,M.Cassel,J.Gaffney,7,0,0
2008,3,2008_03_MIA_NE,2008-09-21,NE,NE,MIA,K.O'Connell,D.Thomas,4,0,0
2008,3,2008_03_MIA_NE,2008-09-21,NE,NE,MIA,K.O'Connell,J.Gaffney,12,0,1
2008,3,2008_03_MIA_NE,2008-09-21,NE,NE,MIA,K.O'Connell,J.Gaffney,9,0,0
2008,5,2008_05_NE_SF,2008-10-05,NE,SF,NE,M.Cassel,W.Welker,7,0,1
2008,5,2008_05_NE_SF,2008-10-05,NE,SF,NE,M.Cassel,W.Welker,0,0,0
2008,5,2008_05_NE_SF,2008-10-05,NE,SF,NE,M.Cassel,K.Faulk,2,0,0
2008,5,2008_05_NE_SF,2008-10-05,NE,SF,NE,M.Cassel,R.Moss,66,1,1
2008,5,2008_05_NE_SF,2008-10-05,NE,SF,NE,M.Cassel,R.Moss,5,0,0
2008,5,2008_05_NE_SF,2008-10-05,NE,SF,NE,M.Cassel,W.Welker,8,0,0
2008,5,2008_05_NE_SF,2008-10-05,NE,SF,NE,M.Cassel,J.Gaffney,11,0,1
2008,5,2008_05_NE_SF,2008-10-05,NE,SF,NE,M.Cassel,R.Moss,18,0,1
2008,5,2008_05_NE_SF,2008-10-05,NE,SF,NE,M.Cassel,B.Watson,7,0,1
2008,5,2008_05_NE_SF,2008-10-05,NE,SF,NE,M.Cassel,W.Welker,8,0,1
2008,5,2008_05_NE_SF,2008-10-05,NE,SF,NE,M.Cassel,R.Moss,14,0,1
2008,5,2008_05_NE_SF,2008-10-05,NE,SF,NE,M.Cassel,B.Watson,4,0,0
2008,5,2008_05_NE_SF,2008-10-05,NE,SF,NE,M.Cassel,K.Faulk,10,0,0
2008,5,2008_05_NE_SF,2008-10-05,NE,SF,NE,M.Cassel,W.Welker,12,0,1
2008,5,2008_05_NE_SF,2008-10-05,NE,SF,NE,M.Cassel,K.Faulk,9,0,0
2008,5,2008_05_NE_SF,2008-10-05,NE,SF,NE,M.Cassel,W.Welker,20,0,1
2008,5,2008_05_NE_SF,2008-10-05,NE,SF,NE,M.Cassel,J.Gaffney,11,0,1
2008,5,2008_05_NE_SF,2008-10-05,NE,SF,NE,M.Cassel,W.Welker,12,0,1
2008,5,2008_05_NE_SF,2008-10-05,NE,SF,NE,M.Cassel,W.Welker,6,0,0
2008,5,2008_05_NE_SF,2008-10-05,NE,SF,NE,M.Cassel,R.Moss,8,0,1
2008,5,2008_05_NE_SF,2008-10-05,NE,SF,NE,M.Cassel,K.Faulk,8,0,1
2008,5,2008_05_NE_SF,2008-10-05,NE,SF,NE,M.Cassel,J.Gaffney,13,0,0
2008,6,2008_06_NE_SD,2008-10-12,NE,LAC,NE,M.Cassel,W.Welker,9,0,0
2008,6,2008_06_NE_SD,2008-10-12,NE,LAC,NE,M.Cassel,D.Thomas,13,0,1
2008,6,2008_06_NE_SD,2008-10-12,NE,LAC,NE,M.Cassel,W.Welker,5,0,0
2008,6,2008_06_NE_SD,2008-10-12,NE,LAC,NE,M.Cassel,R.Moss,6,0,0
2008,6,2008_06_NE_SD,2008-10-12,NE,LAC,NE,M.Cassel,W.Welker,0,0,0
2008,6,2008_06_NE_SD,2008-10-12,NE,LAC,NE,M.Cassel,K.Faulk,7,0,0
2008,6,2008_06_NE_SD,2008-10-12,NE,LAC,NE,M.Cassel,S.Morris,7,0,0
2008,6,2008_06_NE_SD,2008-10-12,NE,LAC,NE,M.Cassel,W.Welker,8,0,0
2008,6,2008_06_NE_SD,2008-10-12,NE,LAC,NE,M.Cassel,S.Morris,3,0,0
2008,6,2008_06_NE_SD,2008-10-12,NE,LAC,NE,M.Cassel,S.Morris,11,0,1
2008,6,2008_06_NE_SD,2008-10-12,NE,LAC,NE,M.Cassel,R.Moss,15,0,1
2008,6,2008_06_NE_SD,2008-10-12,NE,LAC,NE,M.Cassel,W.Welker,8,0,0
2008,6,2008_06_NE_SD,2008-10-12,NE,LAC,NE,M.Cassel,S.Morris,28,0,1
2008,6,2008_06_NE_SD,2008-10-12,NE,LAC,NE,M.Cassel,K.Faulk,5,0,0
2008,6,2008_06_NE_SD,2008-10-12,NE,LAC,NE,M.Cassel,J.Gaffney,4,0,0
2008,6,2008_06_NE_SD,2008-10-12,NE,LAC,NE,M.Cassel,W.Welker,7,0,0
2008,6,2008_06_NE_SD,2008-10-12,NE,LAC,NE,M.Cassel,R.Moss,5,0,0
2008,6,2008_06_NE_SD,2008-10-12,NE,LAC,NE,M.Cassel,W.Welker,15,0,1
2008,6,2008_06_NE_SD,2008-10-12,NE,LAC,NE,M.Cassel,K.Faulk,17,0,1
2008,6,2008_06_NE_SD,2008-10-12,NE,LAC,NE,M.Cassel,W.Welker,13,0,1
2008,6,2008_06_NE_SD,2008-10-12,NE,LAC,NE,M.Cassel,W.Welker,8,0,0
2008,6,2008_06_NE_SD,2008-10-12,NE,LAC,NE,M.Cassel,B.Green-Ellis,9,0,1
2008,7,2008_07_DEN_NE,2008-10-20,NE,NE,DEN,M.Cassel,B.Watson,29,0,1
2008,7,2008_07_DEN_NE,2008-10-20,NE,NE,DEN,M.Cassel,W.Welker,9,0,0
2008,7,2008_07_DEN_NE,2008-10-20,NE,NE,DEN,M.Cassel,W.Welker,8,0,0
2008,7,2008_07_DEN_NE,2008-10-20,NE,NE,DEN,M.Cassel,R.Moss,9,0,0
2008,7,2008_07_DEN_NE,2008-10-20,NE,NE,DEN,M.Cassel,B.Watson,7,0,0
2008,7,2008_07_DEN_NE,2008-10-20,NE,NE,DEN,M.Cassel,S.Aiken,7,0,1
2008,7,2008_07_DEN_NE,2008-10-20,NE,NE,DEN,M.Cassel,R.Moss,9,0,0
2008,7,2008_07_DEN_NE,2008-10-20,NE,NE,DEN,M.Cassel,R.Moss,13,1,1
2008,7,2008_07_DEN_NE,2008-10-20,NE,NE,DEN,M.Cassel,W.Welker,8,0,1
2008,7,2008_07_DEN_NE,2008-10-20,NE,NE,DEN,M.Cassel,W.Welker,5,0,0
2008,7,2008_07_DEN_NE,2008-10-20,NE,NE,DEN,M.Cassel,K.Faulk,3,0,0
2008,7,2008_07_DEN_NE,2008-10-20,NE,NE,DEN,M.Cassel,R.Moss,27,1,1
2008,7,2008_07_DEN_NE,2008-10-20,NE,NE,DEN,M.Cassel,R.Moss,11,0,1
2008,7,2008_07_DEN_NE,2008-10-20,NE,NE,DEN,M.Cassel,W.Welker,27,0,1
2008,7,2008_07_DEN_NE,2008-10-20,NE,NE,DEN,M.Cassel,K.Faulk,8,0,0
2008,7,2008_07_DEN_NE,2008-10-20,NE,NE,DEN,M.Cassel,W.Welker,6,1,1
2008,7,2008_07_DEN_NE,2008-10-20,NE,NE,DEN,M.Cassel,B.Watson,4,0,0
2008,7,2008_07_DEN_NE,2008-10-20,NE,NE,DEN,M.Cassel,K.Faulk,-5,0,0
2008,8,2008_08_STL_NE,2008-10-26,NE,NE,LA,M.Cassel,W.Welker,15,0,1
2008,8,2008_08_STL_NE,2008-10-26,NE,NE,LA,M.Cassel,W.Welker,6,0,1
2008,8,2008_08_STL_NE,2008-10-26,NE,NE,LA,M.Cassel,J.Gaffney,17,0,1
2008,8,2008_08_STL_NE,2008-10-26,NE,NE,LA,M.Cassel,R.Moss,10,0,1
2008,8,2008_08_STL_NE,2008-10-26,NE,NE,LA,M.Cassel,B.Watson,13,0,1
2008,8,2008_08_STL_NE,2008-10-26,NE,NE,LA,M.Cassel,W.Welker,-1,0,0
2008,8,2008_08_STL_NE,2008-10-26,NE,NE,LA,M.Cassel,W.Welker,9,0,1
2008,8,2008_08_STL_NE,2008-10-26,NE,NE,LA,M.Cassel,K.Faulk,7,0,0
2008,8,2008_08_STL_NE,2008-10-26,NE,NE,LA,M.Cassel,R.Moss,16,0,1
2008,8,2008_08_STL_NE,2008-10-26,NE,NE,LA,M.Cassel,K.Faulk,18,0,1
2008,8,2008_08_STL_NE,2008-10-26,NE,NE,LA,M.Cassel,R.Moss,30,0,1
2008,8,2008_08_STL_NE,2008-10-26,NE,NE,LA,M.Cassel,K.Faulk,7,0,0
2008,8,2008_08_STL_NE,2008-10-26,NE,NE,LA,M.Cassel,W.Welker,19,0,1
2008,8,2008_08_STL_NE,2008-10-26,NE,NE,LA,M.Cassel,D.Thomas,9,0,0
2008,8,2008_08_STL_NE,2008-10-26,NE,NE,LA,M.Cassel,W.Welker,20,0,1
2008,8,2008_08_STL_NE,2008-10-26,NE,NE,LA,M.Cassel,W.Welker,11,0,1
2008,8,2008_08_STL_NE,2008-10-26,NE,NE,LA,M.Cassel,R.Moss,12,0,1
2008,8,2008_08_STL_NE,2008-10-26,NE,NE,LA,M.Cassel,R.Moss,23,0,1
2008,8,2008_08_STL_NE,2008-10-26,NE,NE,LA,M.Cassel,R.Moss,3,0,0
2008,8,2008_08_STL_NE,2008-10-26,NE,NE,LA,M.Cassel,R.Moss,8,0,0
2008,8,2008_08_STL_NE,2008-10-26,NE,NE,LA,M.Cassel,K.Faulk,15,1,1
2008,9,2008_09_NE_IND,2008-11-02,NE,IND,NE,M.Cassel,B.Watson,1,0,0
2008,9,2008_09_NE_IND,2008-11-02,NE,IND,NE,M.Cassel,K.Faulk,7,0,0
2008,9,2008_09_NE_IND,2008-11-02,NE,IND,NE,M.Cassel,D.Thomas,11,0,1
2008,9,2008_09_NE_IND,2008-11-02,NE,IND,NE,M.Cassel,K.Faulk,11,0,1
2008,9,2008_09_NE_IND,2008-11-02,NE,IND,NE,M.Cassel,B.Green-Ellis,8,0,1
2008,9,2008_09_NE_IND,2008-11-02,NE,IND,NE,M.Cassel,K.Faulk,10,0,1
2008,9,2008_09_NE_IND,2008-11-02,NE,IND,NE,M.Cassel,W.Welker,5,0,0
2008,9,2008_09_NE_IND,2008-11-02,NE,IND,NE,M.Cassel,J.Gaffney,11,0,1
2008,9,2008_09_NE_IND,2008-11-02,NE,IND,NE,K.Faulk,W.Welker,-2,0,0
2008,9,2008_09_NE_IND,2008-11-02,NE,IND,NE,M.Cassel,B.Watson,9,0,0
2008,9,2008_09_NE_IND,2008-11-02,NE,IND,NE,M.Cassel,R.Moss,1,0,0
2008,9,2008_09_NE_IND,2008-11-02,NE,IND,NE,M.Cassel,R.Moss,9,0,1
2008,9,2008_09_NE_IND,2008-11-02,NE,IND,NE,M.Cassel,W.Welker,10,0,1
2008,9,2008_09_NE_IND,2008-11-02,NE,IND,NE,M.Cassel,W.Welker,7,0,0
2008,9,2008_09_NE_IND,2008-11-02,NE,IND,NE,M.Cassel,D.Thomas,2,0,0
2008,9,2008_09_NE_IND,2008-11-02,NE,IND,NE,M.Cassel,R.Moss,11,0,1
2008,9,2008_09_NE_IND,2008-11-02,NE,IND,NE,M.Cassel,K.Faulk,9,0,0
2008,9,2008_09_NE_IND,2008-11-02,NE,IND,NE,M.Cassel,R.Moss,11,0,1
2008,9,2008_09_NE_IND,2008-11-02,NE,IND,NE,M.Cassel,B.Watson,4,0,1
2008,9,2008_09_NE_IND,2008-11-02,NE,IND,NE,M.Cassel,W.Welker,-1,0,0
2008,9,2008_09_NE_IND,2008-11-02,NE,IND,NE,M.Cassel,W.Welker,10,0,0
2008,9,2008_09_NE_IND,2008-11-02,NE,IND,NE,M.Cassel,R.Moss,13,0,1
2008,9,2008_09_NE_IND,2008-11-02,NE,IND,NE,M.Cassel,W.Welker,8,0,0
2008,9,2008_09_NE_IND,2008-11-02,NE,IND,NE,M.Cassel,D.Thomas,16,0,1
2008,9,2008_09_NE_IND,2008-11-02,NE,IND,NE,M.Cassel,K.Faulk,1,0,0
2008,9,2008_09_NE_IND,2008-11-02,NE,IND,NE,M.Cassel,R.Moss,20,0,0
2008,10,2008_10_BUF_NE,2008-11-09,NE,NE,BUF,M.Cassel,J.Gaffney,6,0,0
2008,10,2008_10_BUF_NE,2008-11-09,NE,NE,BUF,M.Cassel,R.Moss,8,0,1
2008,10,2008_10_BUF_NE,2008-11-09,NE,NE,BUF,M.Cassel,W.Welker,21,0,1
2008,10,2008_10_BUF_NE,2008-11-09,NE,NE,BUF,M.Cassel,W.Welker,0,0,0
2008,10,2008_10_BUF_NE,2008-11-09,NE,NE,BUF,M.Cassel,R.Moss,19,0,1
2008,10,2008_10_BUF_NE,2008-11-09,NE,NE,BUF,M.Cassel,R.Moss,6,0,0
2008,10,2008_10_BUF_NE,2008-11-09,NE,NE,BUF,M.Cassel,W.Welker,2,0,0
2008,10,2008_10_BUF_NE,2008-11-09,NE,NE,BUF,M.Cassel,K.Faulk,9,0,0
2008,10,2008_10_BUF_NE,2008-11-09,NE,NE,BUF,M.Cassel,W.Welker,27,0,1
2008,10,2008_10_BUF_NE,2008-11-09,NE,NE,BUF,M.Cassel,R.Moss,9,0,0
2008,10,2008_10_BUF_NE,2008-11-09,NE,NE,BUF,M.Cassel,W.Welker,13,0,0
2008,10,2008_10_BUF_NE,2008-11-09,NE,NE,BUF,M.Cassel,W.Welker,12,0,1
2008,10,2008_10_BUF_NE,2008-11-09,NE,NE,BUF,M.Cassel,W.Welker,3,0,0
2008,10,2008_10_BUF_NE,2008-11-09,NE,NE,BUF,M.Cassel,R.Moss,11,0,1
2008,10,2008_10_BUF_NE,2008-11-09,NE,NE,BUF,M.Cassel,S.Aiken,3,0,0
2008,10,2008_10_BUF_NE,2008-11-09,NE,NE,BUF,M.Cassel,B.Watson,7,0,0
2008,10,2008_10_BUF_NE,2008-11-09,NE,NE,BUF,M.Cassel,J.Gaffney,12,0,1
2008,10,2008_10_BUF_NE,2008-11-09,NE,NE,BUF,M.Cassel,W.Welker,9,0,0
2008,10,2008_10_BUF_NE,2008-11-09,NE,NE,BUF,M.Cassel,S.Aiken,19,0,1
2008,10,2008_10_BUF_NE,2008-11-09,NE,NE,BUF,M.Cassel,W.Welker,8,0,1
2008,10,2008_10_BUF_NE,2008-11-09,NE,NE,BUF,M.Cassel,J.Gaffney,8,0,0
2008,10,2008_10_BUF_NE,2008-11-09,NE,NE,BUF,M.Cassel,W.Welker,12,0,1
2008,10,2008_10_BUF_NE,2008-11-09,NE,NE,BUF,M.Cassel,J.Gaffney,10,0,1
2008,11,2008_11_NYJ_NE,2008-11-13,NE,NE,NYJ,M.Cassel,B.Watson,11,0,1
2008,11,2008_11_NYJ_NE,2008-11-13,NE,NE,NYJ,M.Cassel,J.Gaffney,16,0,1
2008,11,2008_11_NYJ_NE,2008-11-13,NE,NE,NYJ,M.Cassel,W.Welker,9,0,0
2008,11,2008_11_NYJ_NE,2008-11-13,NE,NE,NYJ,M.Cassel,K.Faulk,19,0,1
2008,11,2008_11_NYJ_NE,2008-11-13,NE,NE,NYJ,M.Cassel,W.Welker,17,0,1
2008,11,2008_11_NYJ_NE,2008-11-13,NE,NE,NYJ,M.Cassel,B.Watson,12,0,1
2008,11,2008_11_NYJ_NE,2008-11-13,NE,NE,NYJ,M.Cassel,S.Aiken,43,0,1
2008,11,2008_11_NYJ_NE,2008-11-13,NE,NE,NYJ,M.Cassel,J.Gaffney,11,0,1
2008,11,2008_11_NYJ_NE,2008-11-13,NE,NE,NYJ,M.Cassel,J.Gaffney,8,0,0
2008,11,2008_11_NYJ_NE,2008-11-13,NE,NE,NYJ,M.Cassel,B.Watson,9,0,0
2008,11,2008_11_NYJ_NE,2008-11-13,NE,NE,NYJ,M.Cassel,J.Gaffney,19,1,1
2008,11,2008_11_NYJ_NE,2008-11-13,NE,NE,NYJ,M.Cassel,R.Moss,2,0,0
2008,11,2008_11_NYJ_NE,2008-11-13,NE,NE,NYJ,M.Cassel,J.Gaffney,9,0,1
2008,11,2008_11_NYJ_NE,2008-11-13,NE,NE,NYJ,M.Cassel,W.Welker,14,0,1
2008,11,2008_11_NYJ_NE,2008-11-13,NE,NE,NYJ,M.Cassel,B.Watson,12,0,0
2008,11,2008_11_NYJ_NE,2008-11-13,NE,NE,NYJ,M.Cassel,B.Watson,14,0,1
2008,11,2008_11_NYJ_NE,2008-11-13,NE,NE,NYJ,M.Cassel,K.Faulk,10,0,1
2008,11,2008_11_NYJ_NE,2008-11-13,NE,NE,NYJ,M.Cassel,K.Faulk,13,0,0
2008,11,2008_11_NYJ_NE,2008-11-13,NE,NE,NYJ,M.Cassel,J.Gaffney,9,0,0
2008,11,2008_11_NYJ_NE,2008-11-13,NE,NE,NYJ,M.Cassel,W.Welker,8,0,0
2008,11,2008_11_NYJ_NE,2008-11-13,NE,NE,NYJ,M.Cassel,W.Welker,29,0,1
2008,11,2008_11_NYJ_NE,2008-11-13,NE,NE,NYJ,M.Cassel,J.Gaffney,14,0,1
2008,11,2008_11_NYJ_NE,2008-11-13,NE,NE,NYJ,M.Cassel,R.Moss,8,0,0
2008,11,2008_11_NYJ_NE,2008-11-13,NE,NE,NYJ,M.Cassel,B.Watson,10,1,1
2008,11,2008_11_NYJ_NE,2008-11-13,NE,NE,NYJ,M.Cassel,K.Faulk,7,0,0
2008,11,2008_11_NYJ_NE,2008-11-13,NE,NE,NYJ,M.Cassel,B.Watson,9,0,0
2008,11,2008_11_NYJ_NE,2008-11-13,NE,NE,NYJ,M.Cassel,B.Watson,11,0,1
2008,11,2008_11_NYJ_NE,2008-11-13,NE,NE,NYJ,M.Cassel,W.Welker,17,0,1
2008,11,2008_11_NYJ_NE,2008-11-13,NE,NE,NYJ,M.Cassel,W.Welker,14,0,0
2008,11,2008_11_NYJ_NE,2008-11-13,NE,NE,NYJ,M.Cassel,R.Moss,16,1,1
2008,12,2008_12_NE_MIA,2008-11-23,NE,MIA,NE,M.Cassel,K.Faulk,15,0,1
2008,12,2008_12_NE_MIA,2008-11-23,NE,MIA,NE,M.Cassel,W.Welker,14,0,1
2008,12,2008_12_NE_MIA,2008-11-23,NE,MIA,NE,M.Cassel,R.Moss,9,0,0
2008,12,2008_12_NE_MIA,2008-11-23,NE,MIA,NE,M.Cassel,W.Welker,12,0,0
2008,12,2008_12_NE_MIA,2008-11-23,NE,MIA,NE,M.Cassel,K.Faulk,6,0,0
2008,12,2008_12_NE_MIA,2008-11-23,NE,MIA,NE,M.Cassel,K.Faulk,4,0,0
2008,12,2008_12_NE_MIA,2008-11-23,NE,MIA,NE,M.Cassel,R.Moss,22,0,1
2008,12,2008_12_NE_MIA,2008-11-23,NE,MIA,NE,M.Cassel,W.Welker,7,0,0
2008,12,2008_12_NE_MIA,2008-11-23,NE,MIA,NE,M.Cassel,W.Welker,2,0,0
2008,12,2008_12_NE_MIA,2008-11-23,NE,MIA,NE,M.Cassel,J.Gaffney,15,0,1
2008,12,2008_12_NE_MIA,2008-11-23,NE,MIA,NE,M.Cassel,W.Welker,8,0,0
2008,12,2008_12_NE_MIA,2008-11-23,NE,MIA,NE,M.Cassel,J.Gaffney,21,0,1
2008,12,2008_12_NE_MIA,2008-11-23,NE,MIA,NE,M.Cassel,J.Gaffney,15,0,1
2008,12,2008_12_NE_MIA,2008-11-23,NE,MIA,NE,M.Cassel,K.Faulk,11,0,1
2008,12,2008_12_NE_MIA,2008-11-23,NE,MIA,NE,M.Cassel,K.Faulk,7,0,0
2008,12,2008_12_NE_MIA,2008-11-23,NE,MIA,NE,M.Cassel,J.Gaffney,14,0,1
2008,12,2008_12_NE_MIA,2008-11-23,NE,MIA,NE,M.Cassel,R.Moss,25,1,1
2008,12,2008_12_NE_MIA,2008-11-23,NE,MIA,NE,M.Cassel,W.Welker,-2,0,0
2008,12,2008_12_NE_MIA,2008-11-23,NE,MIA,NE,M.Cassel,K.Faulk,9,0,0
2008,12,2008_12_NE_MIA,2008-11-23,NE,MIA,NE,M.Cassel,W.Welker,15,0,1
2008,12,2008_12_NE_MIA,2008-11-23,NE,MIA,NE,M.Cassel,R.Moss,11,0,1
2008,12,2008_12_NE_MIA,2008-11-23,NE,MIA,NE,M.Cassel,R.Moss,15,0,1
2008,12,2008_12_NE_MIA,2008-11-23,NE,MIA,NE,M.Cassel,B.Watson,16,0,1
2008,12,2008_12_NE_MIA,2008-11-23,NE,MIA,NE,M.Cassel,R.Moss,8,1,1
2008,12,2008_12_NE_MIA,2008-11-23,NE,MIA,NE,M.Cassel,W.Welker,64,0,1
2008,12,2008_12_NE_MIA,2008-11-23,NE,MIA,NE,M.Cassel,S.Morris,5,0,0
2008,12,2008_12_NE_MIA,2008-11-23,NE,MIA,NE,M.Cassel,R.Moss,6,0,1
2008,12,2008_12_NE_MIA,2008-11-23,NE,MIA,NE,M.Cassel,S.Morris,9,0,0
2008,12,2008_12_NE_MIA,2008-11-23,NE,MIA,NE,M.Cassel,J.Gaffney,23,0,1
2008,12,2008_12_NE_MIA,2008-11-23,NE,MIA,NE,M.Cassel,R.Moss,29,1,1
2008,13,2008_13_PIT_NE,2008-11-30,NE,NE,PIT,M.Cassel,W.Welker,12,0,1
2008,13,2008_13_PIT_NE,2008-11-30,NE,NE,PIT,M.Cassel,R.Moss,27,0,1
2008,13,2008_13_PIT_NE,2008-11-30,NE,NE,PIT,M.Cassel,K.Faulk,7,0,0
2008,13,2008_13_PIT_NE,2008-11-30,NE,NE,PIT,M.Cassel,S.Morris,12,0,0
2008,13,2008_13_PIT_NE,2008-11-30,NE,NE,PIT,M.Cassel,K.Faulk,11,0,1
2008,13,2008_13_PIT_NE,2008-11-30,NE,NE,PIT,M.Cassel,R.Moss,17,0,1
2008,13,2008_13_PIT_NE,2008-11-30,NE,NE,PIT,M.Cassel,K.Faulk,5,0,0
2008,13,2008_13_PIT_NE,2008-11-30,NE,NE,PIT,M.Cassel,K.Faulk,4,0,0
2008,13,2008_13_PIT_NE,2008-11-30,NE,NE,PIT,M.Cassel,W.Welker,4,0,0
2008,13,2008_13_PIT_NE,2008-11-30,NE,NE,PIT,M.Cassel,W.Welker,6,0,0
2008,13,2008_13_PIT_NE,2008-11-30,NE,NE,PIT,M.Cassel,W.Welker,8,0,0
2008,13,2008_13_PIT_NE,2008-11-30,NE,NE,PIT,M.Cassel,K.Faulk,9,0,0
2008,13,2008_13_PIT_NE,2008-11-30,NE,NE,PIT,M.Cassel,R.Moss,4,0,0
2008,13,2008_13_PIT_NE,2008-11-30,NE,NE,PIT,M.Cassel,K.Faulk,-5,0,0
2008,13,2008_13_PIT_NE,2008-11-30,NE,NE,PIT,M.Cassel,B.Watson,12,0,1
2008,13,2008_13_PIT_NE,2008-11-30,NE,NE,PIT,M.Cassel,R.Moss,-3,0,0
2008,13,2008_13_PIT_NE,2008-11-30,NE,NE,PIT,M.Cassel,K.Faulk,17,0,1
2008,13,2008_13_PIT_NE,2008-11-30,NE,NE,PIT,M.Cassel,J.Gaffney,2,0,0
2008,13,2008_13_PIT_NE,2008-11-30,NE,NE,PIT,M.Cassel,B.Green-Ellis,20,0,1
2008,14,2008_14_NE_SEA,2008-12-07,NE,SEA,NE,M.Cassel,W.Welker,10,0,1
2008,14,2008_14_NE_SEA,2008-12-07,NE,SEA,NE,M.Cassel,W.Welker,3,0,0
2008,14,2008_14_NE_SEA,2008-12-07,NE,SEA,NE,M.Cassel,R.Moss,10,0,1
2008,14,2008_14_NE_SEA,2008-12-07,NE,SEA,NE,M.Cassel,W.Welker,20,0,1
2008,14,2008_14_NE_SEA,2008-12-07,NE,SEA,NE,M.Cassel,W.Welker,5,0,0
2008,14,2008_14_NE_SEA,2008-12-07,NE,SEA,NE,M.Cassel,K.Faulk,-4,0,0
2008,14,2008_14_NE_SEA,2008-12-07,NE,SEA,NE,M.Cassel,R.Moss,13,0,1
2008,14,2008_14_NE_SEA,2008-12-07,NE,SEA,NE,M.Cassel,B.Watson,2,1,1
2008,14,2008_14_NE_SEA,2008-12-07,NE,SEA,NE,M.Cassel,J.Gaffney,9,0,0
2008,14,2008_14_NE_SEA,2008-12-07,NE,SEA,NE,M.Cassel,W.Welker,12,0,1
2008,14,2008_14_NE_SEA,2008-12-07,NE,SEA,NE,M.Cassel,K.Faulk,6,0,0
2008,14,2008_14_NE_SEA,2008-12-07,NE,SEA,NE,M.Cassel,K.Faulk,0,0,0
2008,14,2008_14_NE_SEA,2008-12-07,NE,SEA,NE,M.Cassel,K.Faulk,9,0,0
2008,14,2008_14_NE_SEA,2008-12-07,NE,SEA,NE,M.Cassel,J.Gaffney,6,0,1
2008,14,2008_14_NE_SEA,2008-12-07,NE,SEA,NE,M.Cassel,W.Welker,3,0,0
2008,14,2008_14_NE_SEA,2008-12-07,NE,SEA,NE,M.Cassel,W.Welker,8,0,1
2008,14,2008_14_NE_SEA,2008-12-07,NE,SEA,NE,M.Cassel,W.Welker,17,0,1
2008,14,2008_14_NE_SEA,2008-12-07,NE,SEA,NE,M.Cassel,W.Welker,12,0,1
2008,14,2008_14_NE_SEA,2008-12-07,NE,SEA,NE,M.Cassel,S.Aiken,6,0,0
2008,14,2008_14_NE_SEA,2008-12-07,NE,SEA,NE,M.Cassel,J.Gaffney,28,0,1
2008,14,2008_14_NE_SEA,2008-12-07,NE,SEA,NE,M.Cassel,R.Moss,33,0,1
2008,14,2008_14_NE_SEA,2008-12-07,NE,SEA,NE,M.Cassel,K.Faulk,11,0,1
2008,14,2008_14_NE_SEA,2008-12-07,NE,SEA,NE,M.Cassel,W.Welker,6,0,0
2008,14,2008_14_NE_SEA,2008-12-07,NE,SEA,NE,M.Cassel,J.Gaffney,5,0,1
2008,14,2008_14_NE_SEA,2008-12-07,NE,SEA,NE,M.Cassel,W.Welker,13,0,1
2008,14,2008_14_NE_SEA,2008-12-07,NE,SEA,NE,M.Cassel,W.Welker,25,0,1
2008,15,2008_15_NE_OAK,2008-12-14,NE,LV,NE,M.Cassel,W.Welker,16,0,1
2008,15,2008_15_NE_OAK,2008-12-14,NE,LV,NE,M.Cassel,W.Welker,7,0,1
2008,15,2008_15_NE_OAK,2008-12-14,NE,LV,NE,M.Cassel,K.Faulk,7,1,1
2008,15,2008_15_NE_OAK,2008-12-14,NE,LV,NE,M.Cassel,R.Moss,20,1,1
2008,15,2008_15_NE_OAK,2008-12-14,NE,LV,NE,M.Cassel,K.Faulk,8,0,1
2008,15,2008_15_NE_OAK,2008-12-14,NE,LV,NE,M.Cassel,R.Moss,13,0,1
2008,15,2008_15_NE_OAK,2008-12-14,NE,LV,NE,M.Cassel,K.Faulk,6,0,0
2008,15,2008_15_NE_OAK,2008-12-14,NE,LV,NE,M.Cassel,K.Faulk,14,0,1
2008,15,2008_15_NE_OAK,2008-12-14,NE,LV,NE,M.Cassel,W.Welker,30,0,1
2008,15,2008_15_NE_OAK,2008-12-14,NE,LV,NE,M.Cassel,W.Welker,13,1,1
2008,15,2008_15_NE_OAK,2008-12-14,NE,LV,NE,M.Cassel,K.Faulk,12,0,1
2008,15,2008_15_NE_OAK,2008-12-14,NE,LV,NE,M.Cassel,K.Faulk,19,0,1
2008,15,2008_15_NE_OAK,2008-12-14,NE,LV,NE,M.Cassel,W.Welker,7,0,0
2008,15,2008_15_NE_OAK,2008-12-14,NE,LV,NE,M.Cassel,R.Moss,11,0,1
2008,15,2008_15_NE_OAK,2008-12-14,NE,LV,NE,M.Cassel,R.Moss,14,0,1
2008,15,2008_15_NE_OAK,2008-12-14,NE,LV,NE,M.Cassel,R.Moss,9,1,1
2008,15,2008_15_NE_OAK,2008-12-14,NE,LV,NE,M.Cassel,S.Aiken,16,0,1
2008,15,2008_15_NE_OAK,2008-12-14,NE,LV,NE,M.Cassel,W.Welker,-4,0,0
2008,16,2008_16_ARI_NE,2008-12-21,NE,NE,ARI,M.Cassel,K.Faulk,5,0,0
2008,16,2008_16_ARI_NE,2008-12-21,NE,NE,ARI,M.Cassel,S.Morris,42,0,1
2008,16,2008_16_ARI_NE,2008-12-21,NE,NE,ARI,M.Cassel,J.Gaffney,37,0,1
2008,16,2008_16_ARI_NE,2008-12-21,NE,NE,ARI,M.Cassel,K.Faulk,15,1,1
2008,16,2008_16_ARI_NE,2008-12-21,NE,NE,ARI,M.Cassel,J.Gaffney,4,0,0
2008,16,2008_16_ARI_NE,2008-12-21,NE,NE,ARI,M.Cassel,J.Gaffney,19,0,1
2008,16,2008_16_ARI_NE,2008-12-21,NE,NE,ARI,M.Cassel,W.Welker,3,0,0
2008,16,2008_16_ARI_NE,2008-12-21,NE,NE,ARI,M.Cassel,W.Welker,3,0,0
2008,16,2008_16_ARI_NE,2008-12-21,NE,NE,ARI,M.Cassel,S.Morris,3,0,0
2008,16,2008_16_ARI_NE,2008-12-21,NE,NE,ARI,M.Cassel,W.Welker,11,1,1
2008,16,2008_16_ARI_NE,2008-12-21,NE,NE,ARI,M.Cassel,J.Gaffney,14,0,1
2008,16,2008_16_ARI_NE,2008-12-21,NE,NE,ARI,M.Cassel,J.Gaffney,16,0,1
2008,16,2008_16_ARI_NE,2008-12-21,NE,NE,ARI,M.Cassel,W.Welker,20,0,1
2008,16,2008_16_ARI_NE,2008-12-21,NE,NE,ARI,M.Cassel,R.Moss,76,1,1
2008,16,2008_16_ARI_NE,2008-12-21,NE,NE,ARI,M.Cassel,H.Evans,28,0,1
2008,16,2008_16_ARI_NE,2008-12-21,NE,NE,ARI,M.Cassel,R.Moss,11,0,1
2008,16,2008_16_ARI_NE,2008-12-21,NE,NE,ARI,M.Cassel,W.Welker,6,0,0
2008,16,2008_16_ARI_NE,2008-12-21,NE,NE,ARI,M.Cassel,K.Faulk,7,0,0
2008,16,2008_16_ARI_NE,2008-12-21,NE,NE,ARI,M.Cassel,W.Welker,13,0,1
2008,16,2008_16_ARI_NE,2008-12-21,NE,NE,ARI,M.Cassel,W.Welker,12,0,1
2008,16,2008_16_ARI_NE,2008-12-21,NE,NE,ARI,K.O'Connell,S.Aiken,-2,0,0
2008,17,2008_17_NE_BUF,2008-12-28,NE,BUF,NE,M.Cassel,H.Evans,19,0,1
2008,17,2008_17_NE_BUF,2008-12-28,NE,BUF,NE,M.Cassel,H.Evans,12,0,1
2008,17,2008_17_NE_BUF,2008-12-28,NE,BUF,NE,M.Cassel,W.Welker,12,0,1
2008,17,2008_17_NE_BUF,2008-12-28,NE,BUF,NE,M.Cassel,K.Faulk,8,0,1
2008,17,2008_17_NE_BUF,2008-12-28,NE,BUF,NE,M.Cassel,R.Moss,13,0,1
2008,17,2008_17_NE_BUF,2008-12-28,NE,BUF,NE,M.Cassel,W.Welker,14,0,1
2016,1,2016_01_NE_ARI,2016-09-11,NE,ARI,NE,J.Garoppolo,J.Edelman,11,0,1
2016,1,2016_01_NE_ARI,2016-09-11,NE,ARI,NE,J.Garoppolo,J.Edelman,19,0,1
2016,1,2016_01_NE_ARI,2016-09-11,NE,ARI,NE,J.Garoppolo,J.Edelman,8,0,1
2016,1,2016_01_NE_ARI,2016-09-11,NE,ARI,NE,J.Garoppolo,C.Hogan,37,1,1
2016,1,2016_01_NE_ARI,2016-09-11,NE,ARI,NE,J.Garoppolo,J.White,21,0,1
2016,1,2016_01_NE_ARI,2016-09-11,NE,ARI,NE,J.Garoppolo,J.Edelman,3,0,0
2016,1,2016_01_NE_ARI,2016-09-11,NE,ARI,NE,J.Garoppolo,J.White,7,0,1
2016,1,2016_01_NE_ARI,2016-09-11,NE,ARI,NE,J.Garoppolo,J.Edelman,10,0,0
2016,1,2016_01_NE_ARI,2016-09-11,NE,ARI,NE,J.Garoppolo,C.Hogan,19,0,1
2016,1,2016_01_NE_ARI,2016-09-11,NE,ARI,NE,J.Garoppolo,J.White,-2,0,0
2016,1,2016_01_NE_ARI,2016-09-11,NE,ARI,NE,J.Garoppolo,J.Garoppolo,3,0,0
2016,1,2016_01_NE_ARI,2016-09-11,NE,ARI,NE,J.Garoppolo,J.Edelman,9,0,0
2016,1,2016_01_NE_ARI,2016-09-11,NE,ARI,NE,J.Garoppolo,M.Bennett,4,0,0
2016,1,2016_01_NE_ARI,2016-09-11,NE,ARI,NE,J.Garoppolo,M.Mitchell,28,0,1
2016,1,2016_01_NE_ARI,2016-09-11,NE,ARI,NE,J.Garoppolo,M.Mitchell,5,0,0
2016,1,2016_01_NE_ARI,2016-09-11,NE,ARI,NE,J.Garoppolo,C.Hogan,4,0,0
2016,1,2016_01_NE_ARI,2016-09-11,NE,ARI,NE,J.Garoppolo,M.Bennett,5,0,1
2016,1,2016_01_NE_ARI,2016-09-11,NE,ARI,NE,J.Garoppolo,J.Edelman,6,0,0
2016,1,2016_01_NE_ARI,2016-09-11,NE,ARI,NE,J.Garoppolo,M.Bennett,5,0,0
2016,1,2016_01_NE_ARI,2016-09-11,NE,ARI,NE,J.Garoppolo,D.Amendola,32,0,1
2016,1,2016_01_NE_ARI,2016-09-11,NE,ARI,NE,J.Garoppolo,D.Amendola,13,0,0
2016,1,2016_01_NE_ARI,2016-09-11,NE,ARI,NE,J.Garoppolo,J.White,7,0,1
2016,1,2016_01_NE_ARI,2016-09-11,NE,ARI,NE,J.Garoppolo,J.White,7,0,0
2016,1,2016_01_NE_ARI,2016-09-11,NE,ARI,NE,J.Garoppolo,D.Amendola,3,0,0
2016,2,2016_02_MIA_NE,2016-09-18,NE,NE,MIA,J.Garoppolo,J.Edelman,13,0,1
2016,2,2016_02_MIA_NE,2016-09-18,NE,NE,MIA,J.Garoppolo,D.Foster,2,0,0
2016,2,2016_02_MIA_NE,2016-09-18,NE,NE,MIA,J.Garoppolo,J.Edelman,11,0,1
2016,2,2016_02_MIA_NE,2016-09-18,NE,NE,MIA,J.Garoppolo,M.Bennett,26,0,1
2016,2,2016_02_MIA_NE,2016-09-18,NE,NE,MIA,J.Garoppolo,D.Amendola,12,1,1
2016,2,2016_02_MIA_NE,2016-09-18,NE,NE,MIA,J.Garoppolo,C.Hogan,19,0,1
2016,2,2016_02_MIA_NE,2016-09-18,NE,NE,MIA,J.Garoppolo,J.Edelman,9,0,0
2016,2,2016_02_MIA_NE,2016-09-18,NE,NE,MIA,J.Garoppolo,C.Hogan,24,0,1
2016,2,2016_02_MIA_NE,2016-09-18,NE,NE,MIA,J.Garoppolo,M.Bennett,20,1,1
2016,2,2016_02_MIA_NE,2016-09-18,NE,NE,MIA,J.Garoppolo,J.Edelman,9,0,0
2016,2,2016_02_MIA_NE,2016-09-18,NE,NE,MIA,J.Garoppolo,D.Amendola,13,0,1
2016,2,2016_02_MIA_NE,2016-09-18,NE,NE,MIA,J.Garoppolo,J.Edelman,19,0,1
2016,2,2016_02_MIA_NE,2016-09-18,NE,NE,MIA,J.Garoppolo,J.Edelman,8,0,0
2016,2,2016_02_MIA_NE,2016-09-18,NE,NE,MIA,J.Garoppolo,D.Amendola,10,1,1
2016,2,2016_02_MIA_NE,2016-09-18,NE,NE,MIA,J.Garoppolo,C.Hogan,4,0,0
2016,2,2016_02_MIA_NE,2016-09-18,NE,NE,MIA,J.Garoppolo,J.White,5,0,0
2016,2,2016_02_MIA_NE,2016-09-18,NE,NE,MIA,J.Garoppolo,D.Amendola,13,0,0
2016,2,2016_02_MIA_NE,2016-09-18,NE,NE,MIA,J.Garoppolo,M.Mitchell,15,0,1
2016,2,2016_02_MIA_NE,2016-09-18,NE,NE,MIA,J.Brissett,M.Bennett,37,0,1
2016,2,2016_02_MIA_NE,2016-09-18,NE,NE,MIA,J.Brissett,M.Bennett,15,0,0
2016,2,2016_02_MIA_NE,2016-09-18,NE,NE,MIA,J.Brissett,J.Edelman,7,0,1
2016,2,2016_02_MIA_NE,2016-09-18,NE,NE,MIA,J.Brissett,J.White,5,0,0
2016,2,2016_02_MIA_NE,2016-09-18,NE,NE,MIA,J.Brissett,C.Hogan,12,0,1
2016,2,2016_02_MIA_NE,2016-09-18,NE,NE,MIA,J.Brissett,M.Bennett,16,0,1
2016,3,2016_03_HOU_NE,2016-09-22,NE,NE,HOU,J.Brissett,J.Edelman,6,0,0
2016,3,2016_03_HOU_NE,2016-09-22,NE,NE,HOU,J.Brissett,M.Bennett,5,0,0
2016,3,2016_03_HOU_NE,2016-09-22,NE,NE,HOU,J.Brissett,M.Bennett,5,0,0
2016,3,2016_03_HOU_NE,2016-09-22,NE,NE,HOU,J.Brissett,M.Mitchell,27,0,1
2016,3,2016_03_HOU_NE,2016-09-22,NE,NE,HOU,J.Brissett,D.Amendola,16,0,1
2016,3,2016_03_HOU_NE,2016-09-22,NE,NE,HOU,J.Brissett,J.Edelman,23,0,1
2016,3,2016_03_HOU_NE,2016-09-22,NE,NE,HOU,J.Brissett,D.Amendola,7,0,1
2016,3,2016_03_HOU_NE,2016-09-22,NE,NE,HOU,J.Brissett,C.Hogan,3,0,0
2016,3,2016_03_HOU_NE,2016-09-22,NE,NE,HOU,J.Brissett,J.Edelman,6,0,0
2016,3,2016_03_HOU_NE,2016-09-22,NE,NE,HOU,J.Brissett,J.Edelman,3,0,0
2016,3,2016_03_HOU_NE,2016-09-22,NE,NE,HOU,J.Brissett,J.White,2,0,0
2016,4,2016_04_BUF_NE,2016-10-02,NE,NE,BUF,J.Brissett,J.White,7,0,0
2016,4,2016_04_BUF_NE,2016-10-02,NE,NE,BUF,J.Brissett,M.Bennett,10,0,1
2016,4,2016_04_BUF_NE,2016-10-02,NE,NE,BUF,J.Brissett,M.Bennett,58,0,1
2016,4,2016_04_BUF_NE,2016-10-02,NE,NE,BUF,J.Brissett,M.Bennett,19,0,1
2016,4,2016_04_BUF_NE,2016-10-02,NE,NE,BUF,J.Brissett,M.Bennett,6,0,0
2016,4,2016_04_BUF_NE,2016-10-02,NE,NE,BUF,J.Brissett,B.Bolden,2,0,0
2016,4,2016_04_BUF_NE,2016-10-02,NE,NE,BUF,J.Brissett,J.White,8,0,1
2016,4,2016_04_BUF_NE,2016-10-02,NE,NE,BUF,J.Brissett,J.Edelman,16,0,1
2016,4,2016_04_BUF_NE,2016-10-02,NE,NE,BUF,J.Brissett,L.Blount,-4,0,0
2016,4,2016_04_BUF_NE,2016-10-02,NE,NE,BUF,J.Brissett,R.Gronkowski,11,0,1
2016,4,2016_04_BUF_NE,2016-10-02,NE,NE,BUF,J.Brissett,J.White,5,0,0
2016,4,2016_04_BUF_NE,2016-10-02,NE,NE,BUF,J.Brissett,M.Bennett,16,0,1
2016,4,2016_04_BUF_NE,2016-10-02,NE,NE,BUF,J.Brissett,B.Bolden,13,0,1
2016,4,2016_04_BUF_NE,2016-10-02,NE,NE,BUF,J.Brissett,L.Blount,4,0,0
2016,4,2016_04_BUF_NE,2016-10-02,NE,NE,BUF,J.Brissett,L.Blount,4,0,0
2016,4,2016_04_BUF_NE,2016-10-02,NE,NE,BUF,J.Brissett,J.White,14,0,1
2016,4,2016_04_BUF_NE,2016-10-02,NE,NE,BUF,J.Brissett,J.White,16,0,1
2016,5,2016_05_NE_CLE,2016-10-09,NE,CLE,NE,T.Brady,J.Edelman,10,0,1
2016,5,2016_05_NE_CLE,2016-10-09,NE,CLE,NE,T.Brady,R.Gronkowski,19,0,1
2016,5,2016_05_NE_CLE,2016-10-09,NE,CLE,NE,T.Brady,M.Bennett,2,0,0
2016,5,2016_05_NE_CLE,2016-10-09,NE,CLE,NE,T.Brady,R.Gronkowski,34,0,1
2016,5,2016_05_NE_CLE,2016-10-09,NE,CLE,NE,T.Brady,J.Edelman,9,0,1
2016,5,2016_05_NE_CLE,2016-10-09,NE,CLE,NE,T.Brady,J.Edelman,12,0,1
2016,5,2016_05_NE_CLE,2016-10-09,NE,CLE,NE,T.Brady,J.White,36,0,1
2016,5,2016_05_NE_CLE,2016-10-09,NE,CLE,NE,T.Brady,M.Bennett,7,1,1
2016,5,2016_05_NE_CLE,2016-10-09,NE,CLE,NE,T.Brady,C.Hogan,5,0,0
2016,5,2016_05_NE_CLE,2016-10-09,NE,CLE,NE,T.Brady,C.Hogan,3,0,1
2016,5,2016_05_NE_CLE,2016-10-09,NE,CLE,NE,T.Brady,C.Hogan,43,0,1
2016,5,2016_05_NE_CLE,2016-10-09,NE,CLE,NE,T.Brady,J.Edelman,0,0,0
2016,5,2016_05_NE_CLE,2016-10-09,NE,CLE,NE,T.Brady,M.Bennett,5,1,1
2016,5,2016_05_NE_CLE,2016-10-09,NE,CLE,NE,T.Brady,C.Hogan,63,0,1
2016,5,2016_05_NE_CLE,2016-10-09,NE,CLE,NE,T.Brady,M.Mitchell,5,0,0
2016,5,2016_05_NE_CLE,2016-10-09,NE,CLE,NE,T.Brady,J.Edelman,4,0,0
2016,5,2016_05_NE_CLE,2016-10-09,NE,CLE,NE,T.Brady,D.Amendola,7,0,0
2016,5,2016_05_NE_CLE,2016-10-09,NE,CLE,NE,T.Brady,R.Gronkowski,7,0,0
2016,5,2016_05_NE_CLE,2016-10-09,NE,CLE,NE,T.Brady,J.White,8,0,0
2016,5,2016_05_NE_CLE,2016-10-09,NE,CLE,NE,T.Brady,M.Mitchell,2,0,0
2016,5,2016_05_NE_CLE,2016-10-09,NE,CLE,NE,T.Brady,R.Gronkowski,12,0,1
2016,5,2016_05_NE_CLE,2016-10-09,NE,CLE,NE,T.Brady,M.Bennett,37,1,1
2016,5,2016_05_NE_CLE,2016-10-09,NE,CLE,NE,T.Brady,J.White,9,0,0
2016,5,2016_05_NE_CLE,2016-10-09,NE,CLE,NE,T.Brady,M.Bennett,3,0,0
2016,5,2016_05_NE_CLE,2016-10-09,NE,CLE,NE,T.Brady,D.Amendola,4,0,0
2016,5,2016_05_NE_CLE,2016-10-09,NE,CLE,NE,T.Brady,M.Bennett,13,0,1
2016,5,2016_05_NE_CLE,2016-10-09,NE,CLE,NE,T.Brady,R.Gronkowski,37,0,1
2016,5,2016_05_NE_CLE,2016-10-09,NE,CLE,NE,T.Brady,J.White,10,0,0
2016,6,2016_06_CIN_NE,2016-10-16,NE,NE,CIN,T.Brady,J.White,1,0,0
2016,6,2016_06_CIN_NE,2016-10-16,NE,NE,CIN,T.Brady,R.Gronkowski,32,0,1
2016,6,2016_06_CIN_NE,2016-10-16,NE,NE,CIN,T.Brady,J.White,7,0,0
2016,6,2016_06_CIN_NE,2016-10-16,NE,NE,CIN,T.Brady,J.Edelman,6,0,1
2016,6,2016_06_CIN_NE,2016-10-16,NE,NE,CIN,T.Brady,J.White,3,0,1
2016,6,2016_06_CIN_NE,2016-10-16,NE,NE,CIN,T.Brady,R.Gronkowski,9,0,0
2016,6,2016_06_CIN_NE,2016-10-16,NE,NE,CIN,T.Brady,L.Blount,4,0,0
2016,6,2016_06_CIN_NE,2016-10-16,NE,NE,CIN,T.Brady,J.Edelman,8,0,1
2016,6,2016_06_CIN_NE,2016-10-16,NE,NE,CIN,T.Brady,J.White,7,0,0
2016,6,2016_06_CIN_NE,2016-10-16,NE,NE,CIN,T.Brady,J.White,5,0,1
2016,6,2016_06_CIN_NE,2016-10-16,NE,NE,CIN,T.Brady,C.Hogan,39,0,1
2016,6,2016_06_CIN_NE,2016-10-16,NE,NE,CIN,T.Brady,J.White,15,1,1
2016,6,2016_06_CIN_NE,2016-10-16,NE,NE,CIN,T.Brady,L.Blount,16,0,1
2016,6,2016_06_CIN_NE,2016-10-16,NE,NE,CIN,T.Brady,D.Amendola,13,0,0
2016,6,2016_06_CIN_NE,2016-10-16,NE,NE,CIN,T.Brady,M.Bennett,24,0,1
2016,6,2016_06_CIN_NE,2016-10-16,NE,NE,CIN,T.Brady,M.Bennett,3,0,0
2016,6,2016_06_CIN_NE,2016-10-16,NE,NE,CIN,T.Brady,R.Gronkowski,38,0,1
2016,6,2016_06_CIN_NE,2016-10-16,NE,NE,CIN,T.Brady,R.Gronkowski,4,1,1
2016,6,2016_06_CIN_NE,2016-10-16,NE,NE,CIN,T.Brady,R.Gronkowski,38,0,1
2016,6,2016_06_CIN_NE,2016-10-16,NE,NE,CIN,T.Brady,M.Bennett,11,0,1
2016,6,2016_06_CIN_NE,2016-10-16,NE,NE,CIN,T.Brady,J.White,4,1,1
2016,6,2016_06_CIN_NE,2016-10-16,NE,NE,CIN,T.Brady,M.Bennett,5,0,0
2016,6,2016_06_CIN_NE,2016-10-16,NE,NE,CIN,T.Brady,J.Edelman,3,0,0
2016,6,2016_06_CIN_NE,2016-10-16,NE,NE,CIN,T.Brady,D.Amendola,17,0,1
2016,6,2016_06_CIN_NE,2016-10-16,NE,NE,CIN,T.Brady,R.Gronkowski,29,0,1
2016,6,2016_06_CIN_NE,2016-10-16,NE,NE,CIN,T.Brady,R.Gronkowski,12,0,0
2016,6,2016_06_CIN_NE,2016-10-16,NE,NE,CIN,T.Brady,J.White,5,0,0
2016,6,2016_06_CIN_NE,2016-10-16,NE,NE,CIN,T.Brady,M.Bennett,5,0,0
2016,6,2016_06_CIN_NE,2016-10-16,NE,NE,CIN,T.Brady,J.Edelman,13,0,1
2016,7,2016_07_NE_PIT,2016-10-23,NE,PIT,NE,T.Brady,C.Hogan,12,0,0
2016,7,2016_07_NE_PIT,2016-10-23,NE,PIT,NE,T.Brady,J.Edelman,9,0,0
2016,7,2016_07_NE_PIT,2016-10-23,NE,PIT,NE,T.Brady,J.Edelman,-2,0,0
2016,7,2016_07_NE_PIT,2016-10-23,NE,PIT,NE,T.Brady,J.White,13,0,1
2016,7,2016_07_NE_PIT,2016-10-23,NE,PIT,NE,T.Brady,J.Edelman,6,0,0
2016,7,2016_07_NE_PIT,2016-10-23,NE,PIT,NE,T.Brady,J.White,19,1,1
2016,7,2016_07_NE_PIT,2016-10-23,NE,PIT,NE,T.Brady,J.Edelman,9,0,0
2016,7,2016_07_NE_PIT,2016-10-23,NE,PIT,NE,T.Brady,J.Edelman,11,0,1
2016,7,2016_07_NE_PIT,2016-10-23,NE,PIT,NE,T.Brady,C.Hogan,13,0,1
2016,7,2016_07_NE_PIT,2016-10-23,NE,PIT,NE,T.Brady,J.Edelman,6,0,0
2016,7,2016_07_NE_PIT,2016-10-23,NE,PIT,NE,T.Brady,R.Gronkowski,13,0,1
2016,7,2016_07_NE_PIT,2016-10-23,NE,PIT,NE,T.Brady,J.Edelman,7,0,0
2016,7,2016_07_NE_PIT,2016-10-23,NE,PIT,NE,T.Brady,L.Blount,7,0,0
2016,7,2016_07_NE_PIT,2016-10-23,NE,PIT,NE,T.Brady,M.Bennett,5,0,0
2016,7,2016_07_NE_PIT,2016-10-23,NE,PIT,NE,T.Brady,J.Edelman,3,0,0
2016,7,2016_07_NE_PIT,2016-10-23,NE,PIT,NE,T.Brady,R.Gronkowski,36,1,1
2016,7,2016_07_NE_PIT,2016-10-23,NE,PIT,NE,T.Brady,J.Edelman,11,0,1
2016,7,2016_07_NE_PIT,2016-10-23,NE,PIT,NE,T.Brady,R.Gronkowski,7,0,1
2016,7,2016_07_NE_PIT,2016-10-23,NE,PIT,NE,T.Brady,R.Gronkowski,37,0,1
2016,8,2016_08_NE_BUF,2016-10-30,NE,BUF,NE,T.Brady,J.Edelman,8,0,1
2016,8,2016_08_NE_BUF,2016-10-30,NE,BUF,NE,T.Brady,M.Bennett,5,0,0
2016,8,2016_08_NE_BUF,2016-10-30,NE,BUF,NE,T.Brady,J.White,8,0,1
2016,8,2016_08_NE_BUF,2016-10-30,NE,BUF,NE,T.Brady,C.Hogan,16,0,1
2016,8,2016_08_NE_BUF,2016-10-30,NE,BUF,NE,T.Brady,J.Edelman,10,0,1
2016,8,2016_08_NE_BUF,2016-10-30,NE,BUF,NE,T.Brady,R.Gronkowski,-2,0,0
2016,8,2016_08_NE_BUF,2016-10-30,NE,BUF,NE,T.Brady,D.Amendola,9,1,1
2016,8,2016_08_NE_BUF,2016-10-30,NE,BUF,NE,T.Brady,C.Hogan,53,1,1
2016,8,2016_08_NE_BUF,2016-10-30,NE,BUF,NE,T.Brady,M.Bennett,2,0,0
2016,8,2016_08_NE_BUF,2016-10-30,NE,BUF,NE,T.Brady,C.Hogan,19,0,1
2016,8,2016_08_NE_BUF,2016-10-30,NE,BUF,NE,T.Brady,R.Gronkowski,53,1,1
2016,8,2016_08_NE_BUF,2016-10-30,NE,BUF,NE,T.Brady,J.White,6,0,0
2016,8,2016_08_NE_BUF,2016-10-30,NE,BUF,NE,T.Brady,D.Amendola,15,0,1
2016,8,2016_08_NE_BUF,2016-10-30,NE,BUF,NE,T.Brady,R.Gronkowski,7,0,0
2016,8,2016_08_NE_BUF,2016-10-30,NE,BUF,NE,T.Brady,M.Bennett,12,0,1
2016,8,2016_08_NE_BUF,2016-10-30,NE,BUF,NE,T.Brady,J.Edelman,12,1,1
2016,8,2016_08_NE_BUF,2016-10-30,NE,BUF,NE,T.Brady,R.Gronkowski,18,0,1
2016,8,2016_08_NE_BUF,2016-10-30,NE,BUF,NE,T.Brady,D.Amendola,5,0,1
2016,8,2016_08_NE_BUF,2016-10-30,NE,BUF,NE,T.Brady,C.Hogan,3,0,0
2016,8,2016_08_NE_BUF,2016-10-30,NE,BUF,NE,T.Brady,M.Bennett,16,0,1
2016,8,2016_08_NE_BUF,2016-10-30,NE,BUF,NE,T.Brady,R.Gronkowski,33,0,1
2016,8,2016_08_NE_BUF,2016-10-30,NE,BUF,NE,T.Brady,J.Edelman,7,0,0
2016,10,2016_10_SEA_NE,2016-11-13,NE,NE,SEA,T.Brady,J.White,13,0,1
2016,10,2016_10_SEA_NE,2016-11-13,NE,NE,SEA,T.Brady,R.Gronkowski,22,0,1
2016,10,2016_10_SEA_NE,2016-11-13,NE,NE,SEA,T.Brady,J.White,11,0,1
2016,10,2016_10_SEA_NE,2016-11-13,NE,NE,SEA,T.Brady,M.Bennett,4,0,0
2016,10,2016_10_SEA_NE,2016-11-13,NE,NE,SEA,T.Brady,J.White,3,0,0
2016,10,2016_10_SEA_NE,2016-11-13,NE,NE,SEA,T.Brady,R.Gronkowski,8,0,0
2016,10,2016_10_SEA_NE,2016-11-13,NE,NE,SEA,T.Brady,M.Bennett,9,0,0
2016,10,2016_10_SEA_NE,2016-11-13,NE,NE,SEA,T.Brady,J.Edelman,6,0,1
2016,10,2016_10_SEA_NE,2016-11-13,NE,NE,SEA,T.Brady,M.Bennett,16,0,1
2016,10,2016_10_SEA_NE,2016-11-13,NE,NE,SEA,T.Brady,J.Edelman,5,0,1
2016,10,2016_10_SEA_NE,2016-11-13,NE,NE,SEA,T.Brady,M.Bennett,14,0,1
2016,10,2016_10_SEA_NE,2016-11-13,NE,NE,SEA,T.Brady,J.White,5,0,0
2016,10,2016_10_SEA_NE,2016-11-13,NE,NE,SEA,T.Brady,J.Edelman,17,0,1
2016,10,2016_10_SEA_NE,2016-11-13,NE,NE,SEA,T.Brady,M.Bennett,15,0,0
2016,10,2016_10_SEA_NE,2016-11-13,NE,NE,SEA,T.Brady,D.Amendola,14,0,1
2016,10,2016_10_SEA_NE,2016-11-13,NE,NE,SEA,T.Brady,M.Bennett,36,0,1
2016,10,2016_10_SEA_NE,2016-11-13,NE,NE,SEA,T.Brady,J.Edelman,33,0,1
2016,10,2016_10_SEA_NE,2016-11-13,NE,NE,SEA,T.Brady,J.Edelman,5,0,0
2016,10,2016_10_SEA_NE,2016-11-13,NE,NE,SEA,T.Brady,M.Bennett,8,0,0
2016,10,2016_10_SEA_NE,2016-11-13,NE,NE,SEA,T.Brady,M.Mitchell,13,0,1
2016,10,2016_10_SEA_NE,2016-11-13,NE,NE,SEA,T.Brady,J.Edelman,3,0,0
2016,10,2016_10_SEA_NE,2016-11-13,NE,NE,SEA,T.Brady,J.Edelman,30,0,1
2016,10,2016_10_SEA_NE,2016-11-13,NE,NE,SEA,T.Brady,R.Gronkowski,26,0,1
2016,11,2016_11_NE_SF,2016-11-20,NE,SF,NE,T.Brady,J.Edelman,7,0,0
2016,11,2016_11_NE_SF,2016-11-20,NE,SF,NE,T.Brady,D.Lewis,9,0,1
2016,11,2016_11_NE_SF,2016-11-20,NE,SF,NE,T.Brady,J.Edelman,4,1,1
2016,11,2016_11_NE_SF,2016-11-20,NE,SF,NE,T.Brady,J.Edelman,13,0,1
2016,11,2016_11_NE_SF,2016-11-20,NE,SF,NE,T.Brady,J.Edelman,6,0,0
2016,11,2016_11_NE_SF,2016-11-20,NE,SF,NE,T.Brady,J.White,9,1,1
2016,11,2016_11_NE_SF,2016-11-20,NE,SF,NE,T.Brady,D.Lewis,9,0,1
2016,11,2016_11_NE_SF,2016-11-20,NE,SF,NE,T.Brady,M.Mitchell,13,0,1
2016,11,2016_11_NE_SF,2016-11-20,NE,SF,NE,T.Brady,J.Edelman,9,0,0
2016,11,2016_11_NE_SF,2016-11-20,NE,SF,NE,T.Brady,J.White,0,0,0
2016,11,2016_11_NE_SF,2016-11-20,NE,SF,NE,T.Brady,J.Edelman,4,0,0
2016,11,2016_11_NE_SF,2016-11-20,NE,SF,NE,T.Brady,J.White,25,0,1
2016,11,2016_11_NE_SF,2016-11-20,NE,SF,NE,T.Brady,J.White,8,0,0
2016,11,2016_11_NE_SF,2016-11-20,NE,SF,NE,T.Brady,D.Lewis,8,0,0
2016,11,2016_11_NE_SF,2016-11-20,NE,SF,NE,T.Brady,M.Mitchell,21,0,1
2016,11,2016_11_NE_SF,2016-11-20,NE,SF,NE,T.Brady,J.White,14,0,1
2016,11,2016_11_NE_SF,2016-11-20,NE,SF,NE,T.Brady,M.Bennett,14,0,1
2016,11,2016_11_NE_SF,2016-11-20,NE,SF,NE,T.Brady,M.Mitchell,8,0,0
2016,11,2016_11_NE_SF,2016-11-20,NE,SF,NE,T.Brady,J.Edelman,13,0,1
2016,11,2016_11_NE_SF,2016-11-20,NE,SF,NE,T.Brady,D.Amendola,5,1,1
2016,11,2016_11_NE_SF,2016-11-20,NE,SF,NE,T.Brady,J.White,7,0,0
2016,11,2016_11_NE_SF,2016-11-20,NE,SF,NE,T.Brady,M.Mitchell,56,1,1
2016,11,2016_11_NE_SF,2016-11-20,NE,SF,NE,T.Brady,J.Edelman,21,0,1
2016,11,2016_11_NE_SF,2016-11-20,NE,SF,NE,T.Brady,D.Amendola,-3,0,0
2016,12,2016_12_NE_NYJ,2016-11-27,NE,NYJ,NE,T.Brady,D.Lewis,9,0,0
2016,12,2016_12_NE_NYJ,2016-11-27,NE,NYJ,NE,T.Brady,J.Edelman,0,0,0
2016,12,2016_12_NE_NYJ,2016-11-27,NE,NYJ,NE,T.Brady,J.Edelman,10,0,1
2016,12,2016_12_NE_NYJ,2016-11-27,NE,NYJ,NE,T.Brady,M.Bennett,12,0,1
2016,12,2016_12_NE_NYJ,2016-11-27,NE,NYJ,NE,T.Brady,M.Bennett,5,0,0
2016,12,2016_12_NE_NYJ,2016-11-27,NE,NYJ,NE,T.Brady,M.Mitchell,6,0,1
2016,12,2016_12_NE_NYJ,2016-11-27,NE,NYJ,NE,T.Brady,C.Hogan,8,0,0
2016,12,2016_12_NE_NYJ,2016-11-27,NE,NYJ,NE,T.Brady,J.Edelman,18,0,1
2016,12,2016_12_NE_NYJ,2016-11-27,NE,NYJ,NE,T.Brady,M.Bennett,5,0,0
2016,12,2016_12_NE_NYJ,2016-11-27,NE,NYJ,NE,T.Brady,J.Edelman,7,0,1
2016,12,2016_12_NE_NYJ,2016-11-27,NE,NYJ,NE,T.Brady,M.Mitchell,4,1,1
2016,12,2016_12_NE_NYJ,2016-11-27,NE,NYJ,NE,T.Brady,M.Mitchell,11,0,1
2016,12,2016_12_NE_NYJ,2016-11-27,NE,NYJ,NE,T.Brady,J.White,0,0,0
2016,12,2016_12_NE_NYJ,2016-11-27,NE,NYJ,NE,T.Brady,D.Amendola,8,0,0
2016,12,2016_12_NE_NYJ,2016-11-27,NE,NYJ,NE,T.Brady,C.Hogan,14,0,1
2016,12,2016_12_NE_NYJ,2016-11-27,NE,NYJ,NE,T.Brady,J.Edelman,10,0,1
2016,12,2016_12_NE_NYJ,2016-11-27,NE,NYJ,NE,T.Brady,J.White,7,0,0
2016,12,2016_12_NE_NYJ,2016-11-27,NE,NYJ,NE,T.Brady,J.White,11,0,0
2016,12,2016_12_NE_NYJ,2016-11-27,NE,NYJ,NE,T.Brady,J.Develin,5,0,1
2016,12,2016_12_NE_NYJ,2016-11-27,NE,NYJ,NE,T.Brady,D.Lewis,4,0,0
2016,12,2016_12_NE_NYJ,2016-11-27,NE,NYJ,NE,T.Brady,M.Mitchell,13,0,1
2016,12,2016_12_NE_NYJ,2016-11-27,NE,NYJ,NE,T.Brady,C.Hogan,23,0,1
2016,12,2016_12_NE_NYJ,2016-11-27,NE,NYJ,NE,T.Brady,J.Edelman,8,0,0
2016,12,2016_12_NE_NYJ,2016-11-27,NE,NYJ,NE,T.Brady,D.Lewis,5,0,1
2016,12,2016_12_NE_NYJ,2016-11-27,NE,NYJ,NE,T.Brady,J.Edelman,24,0,1
2016,12,2016_12_NE_NYJ,2016-11-27,NE,NYJ,NE,T.Brady,D.Lewis,16,0,1
2016,12,2016_12_NE_NYJ,2016-11-27,NE,NYJ,NE,T.Brady,J.Edelman,6,0,0
2016,12,2016_12_NE_NYJ,2016-11-27,NE,NYJ,NE,T.Brady,J.White,4,0,1
2016,12,2016_12_NE_NYJ,2016-11-27,NE,NYJ,NE,T.Brady,C.Hogan,25,0,1
2016,12,2016_12_NE_NYJ,2016-11-27,NE,NYJ,NE,T.Brady,M.Mitchell,8,1,1
2016,13,2016_13_LA_NE,2016-12-04,NE,NE,LA,T.Brady,M.Mitchell,6,0,1
2016,13,2016_13_LA_NE,2016-12-04,NE,NE,LA,T.Brady,D.Lewis,-3,0,0
2016,13,2016_13_LA_NE,2016-12-04,NE,NE,LA,T.Brady,J.White,9,0,0
2016,13,2016_13_LA_NE,2016-12-04,NE,NE,LA,T.Brady,M.Bennett,2,0,0
2016,13,2016_13_LA_NE,2016-12-04,NE,NE,LA,T.Brady,D.Lewis,2,0,0
2016,13,2016_13_LA_NE,2016-12-04,NE,NE,LA,T.Brady,J.Edelman,13,0,1
2016,13,2016_13_LA_NE,2016-12-04,NE,NE,LA,T.Brady,J.White,2,0,0
2016,13,2016_13_LA_NE,2016-12-04,NE,NE,LA,T.Brady,D.Lewis,5,0,0
2016,13,2016_13_LA_NE,2016-12-04,NE,NE,LA,T.Brady,C.Hogan,14,1,1
2016,13,2016_13_LA_NE,2016-12-04,NE,NE,LA,T.Brady,M.Bennett,2,0,0
2016,13,2016_13_LA_NE,2016-12-04,NE,NE,LA,T.Brady,J.Edelman,7,0,0
2016,13,2016_13_LA_NE,2016-12-04,NE,NE,LA,T.Brady,D.Amendola,17,0,1
2016,13,2016_13_LA_NE,2016-12-04,NE,NE,LA,T.Brady,M.Mitchell,14,0,1
2016,13,2016_13_LA_NE,2016-12-04,NE,NE,LA,T.Brady,J.Edelman,9,0,0
2016,13,2016_13_LA_NE,2016-12-04,NE,NE,LA,T.Brady,D.Amendola,8,0,1
2016,13,2016_13_LA_NE,2016-12-04,NE,NE,LA,T.Brady,M.Mitchell,-3,0,0
2016,13,2016_13_LA_NE,2016-12-04,NE,NE,LA,T.Brady,M.Mitchell,9,0,0
2016,13,2016_13_LA_NE,2016-12-04,NE,NE,LA,T.Brady,D.Amendola,5,0,0
2016,13,2016_13_LA_NE,2016-12-04,NE,NE,LA,T.Brady,J.Edelman,32,0,1
2016,13,2016_13_LA_NE,2016-12-04,NE,NE,LA,T.Brady,J.Edelman,15,0,1
2016,13,2016_13_LA_NE,2016-12-04,NE,NE,LA,T.Brady,C.Hogan,1,0,0
2016,13,2016_13_LA_NE,2016-12-04,NE,NE,LA,T.Brady,M.Mitchell,11,0,1
2016,13,2016_13_LA_NE,2016-12-04,NE,NE,LA,T.Brady,J.White,3,0,0
2016,13,2016_13_LA_NE,2016-12-04,NE,NE,LA,T.Brady,D.Lewis,7,0,0
2016,13,2016_13_LA_NE,2016-12-04,NE,NE,LA,T.Brady,J.Edelman,9,0,1
2016,13,2016_13_LA_NE,2016-12-04,NE,NE,LA,T.Brady,J.White,4,0,0
2016,13,2016_13_LA_NE,2016-12-04,NE,NE,LA,T.Brady,M.Mitchell,12,0,1
2016,13,2016_13_LA_NE,2016-12-04,NE,NE,LA,T.Brady,M.Mitchell,20,0,1
2016,13,2016_13_LA_NE,2016-12-04,NE,NE,LA,T.Brady,J.Edelman,10,0,0
2016,13,2016_13_LA_NE,2016-12-04,NE,NE,LA,T.Brady,M.Mitchell,13,0,1
2016,13,2016_13_LA_NE,2016-12-04,NE,NE,LA,T.Brady,J.Edelman,6,0,1
2016,13,2016_13_LA_NE,2016-12-04,NE,NE,LA,T.Brady,C.Hogan,2,0,0
2016,13,2016_13_LA_NE,2016-12-04,NE,NE,LA,T.Brady,C.Hogan,6,0,0
2016,14,2016_14_BAL_NE,2016-12-12,NE,NE,BAL,T.Brady,M.Bennett,6,0,0
2016,14,2016_14_BAL_NE,2016-12-12,NE,NE,BAL,T.Brady,J.Edelman,5,0,0
2016,14,2016_14_BAL_NE,2016-12-12,NE,NE,BAL,T.Brady,M.Bennett,18,0,1
2016,14,2016_14_BAL_NE,2016-12-12,NE,NE,BAL,T.Brady,J.Edelman,28,0,1
2016,14,2016_14_BAL_NE,2016-12-12,NE,NE,BAL,T.Brady,L.Blount,7,0,0
2016,14,2016_14_BAL_NE,2016-12-12,NE,NE,BAL,T.Brady,J.Edelman,4,0,0
2016,14,2016_14_BAL_NE,2016-12-12,NE,NE,BAL,T.Brady,J.White,14,0,1
2016,14,2016_14_BAL_NE,2016-12-12,NE,NE,BAL,T.Brady,M.Mitchell,2,0,0
2016,14,2016_14_BAL_NE,2016-12-12,NE,NE,BAL,T.Brady,J.White,6,0,0
2016,14,2016_14_BAL_NE,2016-12-12,NE,NE,BAL,T.Brady,J.White,61,0,1
2016,14,2016_14_BAL_NE,2016-12-12,NE,NE,BAL,T.Brady,M.Mitchell,6,1,1
2016,14,2016_14_BAL_NE,2016-12-12,NE,NE,BAL,T.Brady,M.Bennett,27,0,1
2016,14,2016_14_BAL_NE,2016-12-12,NE,NE,BAL,T.Brady,M.Mitchell,34,0,1
2016,14,2016_14_BAL_NE,2016-12-12,NE,NE,BAL,T.Brady,C.Hogan,10,0,1
2016,14,2016_14_BAL_NE,2016-12-12,NE,NE,BAL,T.Brady,C.Hogan,2,0,0
2016,14,2016_14_BAL_NE,2016-12-12,NE,NE,BAL,T.Brady,J.Edelman,6,0,0
2016,14,2016_14_BAL_NE,2016-12-12,NE,NE,BAL,T.Brady,J.Edelman,6,0,1
2016,14,2016_14_BAL_NE,2016-12-12,NE,NE,BAL,T.Brady,C.Hogan,28,0,1
2016,14,2016_14_BAL_NE,2016-12-12,NE,NE,BAL,T.Brady,M.Mitchell,-1,0,0
2016,14,2016_14_BAL_NE,2016-12-12,NE,NE,BAL,T.Brady,M.Bennett,19,1,1
2016,14,2016_14_BAL_NE,2016-12-12,NE,NE,BAL,T.Brady,J.Edelman,16,0,1
2016,14,2016_14_BAL_NE,2016-12-12,NE,NE,BAL,T.Brady,C.Hogan,10,0,0
2016,14,2016_14_BAL_NE,2016-12-12,NE,NE,BAL,T.Brady,D.Lewis,5,0,0
2016,14,2016_14_BAL_NE,2016-12-12,NE,NE,BAL,T.Brady,C.Hogan,79,1,1
2016,14,2016_14_BAL_NE,2016-12-12,NE,NE,BAL,T.Brady,J.Edelman,8,0,0
2016,15,2016_15_NE_DEN,2016-12-18,NE,DEN,NE,T.Brady,J.Edelman,17,0,1
2016,15,2016_15_NE_DEN,2016-12-18,NE,DEN,NE,T.Brady,J.Edelman,15,0,0
2016,15,2016_15_NE_DEN,2016-12-18,NE,DEN,NE,T.Brady,J.Edelman,12,0,1
2016,15,2016_15_NE_DEN,2016-12-18,NE,DEN,NE,T.Brady,J.Develin,13,0,1
2016,15,2016_15_NE_DEN,2016-12-18,NE,DEN,NE,T.Brady,J.White,4,0,1
2016,15,2016_15_NE_DEN,2016-12-18,NE,DEN,NE,T.Brady,J.Edelman,6,0,1
2016,15,2016_15_NE_DEN,2016-12-18,NE,DEN,NE,T.Brady,D.Lewis,5,0,0
2016,15,2016_15_NE_DEN,2016-12-18,NE,DEN,NE,T.Brady,M.Bennett,1,0,0
2016,15,2016_15_NE_DEN,2016-12-18,NE,DEN,NE,T.Brady,D.Lewis,4,0,0
2016,15,2016_15_NE_DEN,2016-12-18,NE,DEN,NE,T.Brady,J.Edelman,8,0,1
2016,15,2016_15_NE_DEN,2016-12-18,NE,DEN,NE,T.Brady,C.Hogan,18,0,1
2016,15,2016_15_NE_DEN,2016-12-18,NE,DEN,NE,T.Brady,J.Edelman,17,0,1
2016,15,2016_15_NE_DEN,2016-12-18,NE,DEN,NE,T.Brady,J.White,16,0,1
2016,15,2016_15_NE_DEN,2016-12-18,NE,DEN,NE,T.Brady,J.White,4,0,0
2016,15,2016_15_NE_DEN,2016-12-18,NE,DEN,NE,T.Brady,M.Bennett,34,0,1
2016,15,2016_15_NE_DEN,2016-12-18,NE,DEN,NE,T.Brady,M.Mitchell,14,0,1
2016,16,2016_16_NYJ_NE,2016-12-24,NE,NE,NYJ,T.Brady,M.Mitchell,16,0,1
2016,16,2016_16_NYJ_NE,2016-12-24,NE,NE,NYJ,T.Brady,J.Edelman,8,0,0
2016,16,2016_16_NYJ_NE,2016-12-24,NE,NE,NYJ,T.Brady,M.Bennett,14,0,1
2016,16,2016_16_NYJ_NE,2016-12-24,NE,NE,NYJ,T.Brady,C.Hogan,22,0,1
2016,16,2016_16_NYJ_NE,2016-12-24,NE,NE,NYJ,T.Brady,M.Mitchell,5,0,1
2016,16,2016_16_NYJ_NE,2016-12-24,NE,NE,NYJ,T.Brady,M.Bennett,5,1,1
2016,16,2016_16_NYJ_NE,2016-12-24,NE,NE,NYJ,T.Brady,J.Edelman,9,0,1
2016,16,2016_16_NYJ_NE,2016-12-24,NE,NE,NYJ,T.Brady,J.Develin,0,0,0
2016,16,2016_16_NYJ_NE,2016-12-24,NE,NE,NYJ,T.Brady,D.Lewis,5,0,0
2016,16,2016_16_NYJ_NE,2016-12-24,NE,NE,NYJ,T.Brady,J.Edelman,35,0,1
2016,16,2016_16_NYJ_NE,2016-12-24,NE,NE,NYJ,T.Brady,M.Lengel,18,1,1
2016,16,2016_16_NYJ_NE,2016-12-24,NE,NE,NYJ,T.Brady,J.Edelman,9,0,1
2016,16,2016_16_NYJ_NE,2016-12-24,NE,NE,NYJ,T.Brady,J.White,25,1,1
2016,16,2016_16_NYJ_NE,2016-12-24,NE,NE,NYJ,T.Brady,J.White,0,0,0
2016,16,2016_16_NYJ_NE,2016-12-24,NE,NE,NYJ,T.Brady,J.Edelman,28,0,1
2016,16,2016_16_NYJ_NE,2016-12-24,NE,NE,NYJ,T.Brady,J.White,7,0,1
2016,16,2016_16_NYJ_NE,2016-12-24,NE,NE,NYJ,T.Brady,M.Mitchell,8,0,0
2016,16,2016_16_NYJ_NE,2016-12-24,NE,NE,NYJ,J.Garoppolo,M.Floyd,6,0,0
2016,17,2016_17_NE_MIA,2017-01-01,NE,MIA,NE,T.Brady,D.Lewis,4,0,0
2016,17,2016_17_NE_MIA,2017-01-01,NE,MIA,NE,T.Brady,J.White,0,0,0
2016,17,2016_17_NE_MIA,2017-01-01,NE,MIA,NE,T.Brady,J.Edelman,20,0,1
2016,17,2016_17_NE_MIA,2017-01-01,NE,MIA,NE,T.Brady,M.Lengel,4,0,0
2016,17,2016_17_NE_MIA,2017-01-01,NE,MIA,NE,T.Brady,M.Bennett,11,0,1
2016,17,2016_17_NE_MIA,2017-01-01,NE,MIA,NE,T.Brady,M.Bennett,2,1,1
2016,17,2016_17_NE_MIA,2017-01-01,NE,MIA,NE,T.Brady,M.Floyd,14,1,1
2016,17,2016_17_NE_MIA,2017-01-01,NE,MIA,NE,T.Brady,C.Hogan,6,0,1
2016,17,2016_17_NE_MIA,2017-01-01,NE,MIA,NE,T.Brady,J.Edelman,14,0,1
2016,17,2016_17_NE_MIA,2017-01-01,NE,MIA,NE,T.Brady,C.Hogan,13,0,0
2016,17,2016_17_NE_MIA,2017-01-01,NE,MIA,NE,T.Brady,J.Edelman,9,0,1
2016,17,2016_17_NE_MIA,2017-01-01,NE,MIA,NE,T.Brady,M.Bennett,20,0,1
2016,17,2016_17_NE_MIA,2017-01-01,NE,MIA,NE,T.Brady,J.White,7,0,0
2016,17,2016_17_NE_MIA,2017-01-01,NE,MIA,NE,T.Brady,M.Floyd,9,0,1
2016,17,2016_17_NE_MIA,2017-01-01,NE,MIA,NE,T.Brady,C.Hogan,5,0,0
2016,17,2016_17_NE_MIA,2017-01-01,NE,MIA,NE,T.Brady,D.Lewis,0,0,0
2016,17,2016_17_NE_MIA,2017-01-01,NE,MIA,NE,T.Brady,J.Edelman,14,0,1
2016,17,2016_17_NE_MIA,2017-01-01,NE,MIA,NE,T.Brady,J.White,8,0,0
2016,17,2016_17_NE_MIA,2017-01-01,NE,MIA,NE,T.Brady,J.Edelman,1,0,0
2016,17,2016_17_NE_MIA,2017-01-01,NE,MIA,NE,T.Brady,J.White,6,0,0
2016,17,2016_17_NE_MIA,2017-01-01,NE,MIA,NE,T.Brady,J.Edelman,7,0,0
2016,17,2016_17_NE_MIA,2017-01-01,NE,MIA,NE,T.Brady,J.Edelman,77,1,1
2016,17,2016_17_NE_MIA,2017-01-01,NE,MIA,NE,T.Brady,J.Edelman,9,0,0
2016,17,2016_17_NE_MIA,2017-01-01,NE,MIA,NE,T.Brady,M.Floyd,13,0,1
2016,17,2016_17_NE_MIA,2017-01-01,NE,MIA,NE,T.Brady,C.Hogan,3,0,0
